ticker,report_date,report_type,company_name,source_url
VCT,2026-07-07,TRADING_STMT,Victrex PLC,https://quartr.com/companies/victrex-plc_13599?utm_source=api&utm_medium=25
BTG,2026-07-07,PRELIM,BTG Consulting PLC,https://quartr.com/companies/btg-consulting-plc_18753?utm_source=api&utm_medium=25
GYM,2026-07-08,TRADING_STMT,The Gym Group PLC,https://quartr.com/companies/the-gym-group-plc_14307?utm_source=api&utm_medium=25
PNN,2026-07-08,TRADING_STMT,Pennon Group PLC,https://quartr.com/companies/pennon-group-plc_13585?utm_source=api&utm_medium=25
HSW,2026-07-09,TRADING_STMT,Hostelworld Group PLC,https://quartr.com/companies/hostelworld-group-plc_17908?utm_source=api&utm_medium=25
SVT,2026-07-09,TRADING_STMT,Severn Trent PLC,https://quartr.com/companies/severn-trent-plc_13428?utm_source=api&utm_medium=25
GLE,2026-07-10,TRADING_STMT,M.J. Gleeson PLC,https://quartr.com/companies/mj-gleeson-plc_14742?utm_source=api&utm_medium=25
PAGE,2026-07-13,TRADING_STMT,PageGroup PLC,https://quartr.com/companies/pagegroup-plc_14139?utm_source=api&utm_medium=25
PLUS,2026-07-13,TRADING_STMT,Plus500 Ltd.,https://quartr.com/companies/plus500-ltd_5220?utm_source=api&utm_medium=25
ICG,2026-07-15,TRADING_STMT,ICG PLC,https://quartr.com/companies/icg-plc_12437?utm_source=api&utm_medium=25
VRCI,2026-07-15,INTERIM,Verici Dx PLC,https://quartr.com/companies/verici-dx-plc_15408?utm_source=api&utm_medium=25
BME,2026-07-15,TRADING_STMT,B&M European Value Retail PLC,https://quartr.com/companies/bm-european-value-retail-sa_12133?utm_source=api&utm_medium=25
HTG,2026-07-15,TRADING_STMT,Hunting PLC,https://quartr.com/companies/hunting-plc_14196?utm_source=api&utm_medium=25
QQ,2026-07-16,TRADING_STMT,QinetiQ Group PLC,https://quartr.com/companies/qinetiq-group-plc_13592?utm_source=api&utm_medium=25
VTY,2026-07-16,TRADING_STMT,Vistry Group PLC,https://quartr.com/companies/vistry-group-plc_13355?utm_source=api&utm_medium=25
FCH,2026-07-16,TRADING_STMT,Funding Circle Holdings PLC,https://quartr.com/companies/funding-circle-holdings-plc_15257?utm_source=api&utm_medium=25
DFS,2026-07-16,TRADING_STMT,DFS Furniture Co. PLC,https://quartr.com/companies/dfs-furniture-plc_14229?utm_source=api&utm_medium=25
TRST,2026-07-16,TRADING_STMT,Trustpilot Group PLC,https://quartr.com/companies/trustpilot-group-plc_5329?utm_source=api&utm_medium=25
SSE,2026-07-16,TRADING_STMT,SSE PLC,https://quartr.com/companies/sse-plc_5010?utm_source=api&utm_medium=25
BOOM,2026-07-16,TRADING_STMT,Audioboom Group PLC,https://quartr.com/companies/audioboom-group-plc_11948?utm_source=api&utm_medium=25
BRBY,2026-07-17,TRADING_STMT,Burberry Group PLC,https://quartr.com/companies/burberry-group-plc_11365?utm_source=api&utm_medium=25
BOOM,2026-07-17,INTERIM,Audioboom Group PLC,https://quartr.com/companies/audioboom-group-plc_11948?utm_source=api&utm_medium=25
MIDW,2026-07-21,TRADING_STMT,Midwich Group PLC,https://quartr.com/companies/midwich-group-plc_16789?utm_source=api&utm_medium=25
GNC,2026-07-22,TRADING_STMT,Greencore Group PLC,https://quartr.com/companies/greencore-group-plc_14255?utm_source=api&utm_medium=25
SRC,2026-07-22,TRADING_STMT,SigmaRoc Plc,https://quartr.com/companies/sigmaroc-plc_12466?utm_source=api&utm_medium=25
III,2026-07-23,QUARTERLY,3i Group PLC,https://quartr.com/companies/3i-group-plc_12126?utm_source=api&utm_medium=25
EZJ,2026-07-23,TRADING_STMT,easyJet PLC,https://quartr.com/companies/easyjet-plc_11349?utm_source=api&utm_medium=25
ATG,2026-07-23,TRADING_STMT,Auction Technology Group PLC,https://quartr.com/companies/auction-technology-group-plc_4022?utm_source=api&utm_medium=25
WIZZ,2026-07-23,QUARTERLY,Wizz Air Holdings PLC,https://quartr.com/companies/wizz-air-holdings-plc_5474?utm_source=api&utm_medium=25
VOD,2026-07-23,QUARTERLY,Vodafone Group PLC,https://quartr.com/companies/vodafone-group-plc_4329?utm_source=api&utm_medium=25
AAF,2026-07-23,QUARTERLY,Airtel Africa PLC,https://quartr.com/companies/airtel-africa-plc_6097?utm_source=api&utm_medium=25
UTG,2026-07-24,INTERIM,Unite Group PLC,https://quartr.com/companies/unite-group-plc_13506?utm_source=api&utm_medium=25
APTD,2026-07-24,INTERIM,Aptitude Software Group PLC,https://quartr.com/companies/aptitude-software-group-plc_17017?utm_source=api&utm_medium=25
FRAN,2026-07-24,INTERIM,Franchise Brands PLC,https://quartr.com/companies/franchise-brands-plc_14322?utm_source=api&utm_medium=25
NICL,2026-07-24,INTERIM,Nichols PLC,https://quartr.com/companies/nichols-plc_17546?utm_source=api&utm_medium=25
WIX,2026-07-24,INTERIM,Wickes Group PLC,https://quartr.com/companies/wickes-group-plc_12039?utm_source=api&utm_medium=25
DSCV,2026-07-24,TRADING_STMT,Discoverie Group PLC,https://quartr.com/companies/discoverie-group-plc_14233?utm_source=api&utm_medium=25
CWK,2026-07-27,TRADING_STMT,Cranswick PLC,https://quartr.com/companies/cranswick-plc_14221?utm_source=api&utm_medium=25
COA,2026-07-28,INTERIM,Coats Group PLC,https://quartr.com/companies/coats-group-plc_13350?utm_source=api&utm_medium=25
BARC,2026-07-28,QUARTERLY,Barclays PLC,https://quartr.com/companies/barclays-plc_10241?utm_source=api&utm_medium=25
LUCE,2026-07-28,TRADING_STMT,Luceco PLC,https://quartr.com/companies/luceco-plc_17907?utm_source=api&utm_medium=25
STAF,2026-07-28,INTERIM,Staffline Group PLC,https://quartr.com/companies/staffline-group-plc_20546?utm_source=api&utm_medium=25
PAY,2026-07-29,TRADING_STMT,PayPoint PLC,https://quartr.com/companies/paypoint-plc_14158?utm_source=api&utm_medium=25
GRG,2026-07-29,INTERIM,Greggs PLC,https://quartr.com/companies/greggs-plc_11385?utm_source=api&utm_medium=25
ECOR,2026-07-29,TRADING_STMT,Ecora Royalties PLC,https://quartr.com/companies/ecora-royalties-plc_14237?utm_source=api&utm_medium=25
AML,2026-07-29,QUARTERLY,Aston Martin Lagonda Global Holdings PLC,https://quartr.com/companies/aston-martin-lagonda-global-holdings-plc_10196?utm_source=api&utm_medium=25
SEPL,2026-07-29,QUARTERLY,Seplat Energy PLC,https://quartr.com/companies/seplat-energy-plc_14155?utm_source=api&utm_medium=25
RKT,2026-07-29,QUARTERLY,Reckitt Benckiser Group PLC,https://quartr.com/companies/reckitt-benckiser-group-plc_3533?utm_source=api&utm_medium=25
GSK,2026-07-29,QUARTERLY,GSK PLC,https://quartr.com/companies/gsk-plc_5175?utm_source=api&utm_medium=25
PETS,2026-07-30,TRADING_STMT,Pets at Home Group PLC,https://quartr.com/companies/pets-at-home-group-plc_14163?utm_source=api&utm_medium=25
RWA,2026-07-30,INTERIM,Robert Walters PLC,https://quartr.com/companies/robert-walters-plc_14166?utm_source=api&utm_medium=25
INF,2026-07-30,INTERIM,Informa PLC,https://quartr.com/companies/informa-plc_12436?utm_source=api&utm_medium=25
IGG,2026-07-31,INTERIM,IG Group Holdings PLC,https://quartr.com/companies/ig-group-holdings-plc_13509?utm_source=api&utm_medium=25
MER,2026-08-03,INTERIM,Mears Group PLC,https://quartr.com/companies/mears-group-plc_6555?utm_source=api&utm_medium=25
SNR,2026-08-03,INTERIM,Senior PLC,https://quartr.com/companies/senior-plc_14156?utm_source=api&utm_medium=25
KLR,2026-08-04,INTERIM,Keller Group PLC,https://quartr.com/companies/keller-group-plc_14210?utm_source=api&utm_medium=25
GENL,2026-08-04,INTERIM,Genel Energy PLC,https://quartr.com/companies/genel-energy-plc_14250?utm_source=api&utm_medium=25
XPP,2026-08-04,QUARTERLY,XP Power Ltd.,https://quartr.com/companies/xp-power-limited_14109?utm_source=api&utm_medium=25
TLW,2026-08-05,INTERIM,Tullow Oil PLC,https://quartr.com/companies/tullow-oil-plc_14127?utm_source=api&utm_medium=25
SYNT,2026-08-05,INTERIM,Synthomer PLC,https://quartr.com/companies/synthomer-plc_13235?utm_source=api&utm_medium=25
SYNC,2026-08-06,QUARTERLY,Syncona Ltd.,https://quartr.com/companies/syncona-limited_15053?utm_source=api&utm_medium=25
PAGE,2026-08-06,INTERIM,PageGroup PLC,https://quartr.com/companies/pagegroup-plc_14139?utm_source=api&utm_medium=25
CABP,2026-08-06,INTERIM,CAB Payments Holdings Ltd.,https://quartr.com/companies/cab-payments-holdings-limited_16549?utm_source=api&utm_medium=25
INOV,2026-08-07,INTERIM,Schroders Capital Global Innovation Trust PLC,https://quartr.com/companies/schroders-capital-global-innovation-trust-plc_20376?utm_source=api&utm_medium=25
SRAD,2026-08-07,INTERIM,Stelrad Group PLC,https://quartr.com/companies/stelrad-group-plc_14324?utm_source=api&utm_medium=25
VID,2026-08-10,INTERIM,Videndum PLC,https://quartr.com/companies/videndum-plc_14115?utm_source=api&utm_medium=25
DCC,2026-08-10,QUARTERLY,DCC PLC,https://quartr.com/companies/dcc-plc_12432?utm_source=api&utm_medium=25
ZTF,2026-08-11,INTERIM,Zotefoams PLC,https://quartr.com/companies/zotefoams-plc_14286?utm_source=api&utm_medium=25
BGEO,2026-08-11,QUARTERLY,Lion Finance Group PLC,https://quartr.com/companies/lion-finance-group-plc_14188?utm_source=api&utm_medium=25
PSON,2026-08-12,INTERIM,Pearson PLC,https://quartr.com/companies/pearson-plc_12443?utm_source=api&utm_medium=25
VKCO,2026-08-12,QUARTERLY,VK International PJSC,https://quartr.com/companies/vk-international-public-joint-stock-company_14114?utm_source=api&utm_medium=25
BEZ,2026-08-12,INTERIM,Beazley PLC,https://quartr.com/companies/beazley-plc_5837?utm_source=api&utm_medium=25
EVOK,2026-08-13,INTERIM,Evoke PLC,https://quartr.com/companies/evoke-plc_3933?utm_source=api&utm_medium=25
CAPD,2026-08-14,INTERIM,Capital Ltd.,https://quartr.com/companies/capital-limited_17508?utm_source=api&utm_medium=25
HSBK,2026-08-18,QUARTERLY,Halyk Bank of Kazakhstan JSC,https://quartr.com/companies/halyk-bank-of-kazakhstan-joint-stock-company_15521?utm_source=api&utm_medium=25
ITH,2026-08-19,INTERIM,Ithaca Energy PLC,https://quartr.com/companies/ithaca-energy-plc_14104?utm_source=api&utm_medium=25
NOG,2026-08-21,INTERIM,Nostrum Oil & Gas PLC,https://quartr.com/companies/nostrum-oil-gas-plc_20710?utm_source=api&utm_medium=25
AEP,2026-08-21,INTERIM,AEP Plantations PLC,https://quartr.com/companies/aep-plantations-plc_14274?utm_source=api&utm_medium=25
HTG,2026-08-21,INTERIM,Hunting PLC,https://quartr.com/companies/hunting-plc_14196?utm_source=api&utm_medium=25
MWE,2026-08-25,QUARTERLY,M.T.I Wireless Edge Ltd.,https://quartr.com/companies/mti-wireless-edge-ltd_16517?utm_source=api&utm_medium=25
STX,2026-08-28,INTERIM,Shield Therapeutics PLC,https://quartr.com/companies/shield-therapeutics-plc_19840?utm_source=api&utm_medium=25
PRTC,2026-08-28,INTERIM,PureTech Health PLC,https://quartr.com/companies/puretech-health-plc_5407?utm_source=api&utm_medium=25
TIG,2026-08-31,QUARTERLY,Team Internet Group PLC,https://quartr.com/companies/team-internet-group-plc_16327?utm_source=api&utm_medium=25
BNZL,2026-09-01,INTERIM,Bunzl PLC,https://quartr.com/companies/bunzl-plc_12430?utm_source=api&utm_medium=25
EVPL,2026-09-01,INTERIM,Everplay Group PLC,https://quartr.com/companies/everplay-group-plc_14744?utm_source=api&utm_medium=25
ECOR,2026-09-02,INTERIM,Ecora Royalties PLC,https://quartr.com/companies/ecora-royalties-plc_14237?utm_source=api&utm_medium=25
IDHC,2026-09-02,INTERIM,Integrated Diagnostics Holdings PLC,https://quartr.com/companies/integrated-diagnostics-holdings-plc_14204?utm_source=api&utm_medium=25
HFG,2026-09-03,INTERIM,Hilton Food Group PLC,https://quartr.com/companies/hilton-food-group-plc_14192?utm_source=api&utm_medium=25
CRTA,2026-09-03,INTERIM,Cirata PLC,https://quartr.com/companies/cirata-plc_10120?utm_source=api&utm_medium=25
INPP,2026-09-03,INTERIM,International Public Partnerships Ltd.,https://quartr.com/companies/international-public-partnerships-limited_15078?utm_source=api&utm_medium=25
ALFA,2026-09-04,INTERIM,Alfa Financial Software Holdings PLC,https://quartr.com/companies/alfa-financial-software-holdings-plc_14275?utm_source=api&utm_medium=25
CHH,2026-09-04,INTERIM,Churchill China PLC,https://quartr.com/companies/churchill-china-plc_18747?utm_source=api&utm_medium=25
FADL,2026-09-04,INTERIM,Fadel Partners Inc.,https://quartr.com/companies/fadel-partners-inc_16749?utm_source=api&utm_medium=25
GAMA,2026-09-07,INTERIM,Gamma Communications PLC,https://quartr.com/companies/gamma-communications-plc_16694?utm_source=api&utm_medium=25
CLBX,2026-09-07,INTERIM,CelLBxHealth PLC,https://quartr.com/companies/cellbxhealth-plc_18150?utm_source=api&utm_medium=25
SRC,2026-09-07,INTERIM,SigmaRoc Plc,https://quartr.com/companies/sigmaroc-plc_12466?utm_source=api&utm_medium=25
SPEC,2026-09-07,INTERIM,Inspecs Group PLC,https://quartr.com/companies/inspecs-group-plc_20952?utm_source=api&utm_medium=25
CCC,2026-09-08,QUARTERLY,Computacenter PLC,https://quartr.com/companies/computacenter-plc_13584?utm_source=api&utm_medium=25
GMR,2026-09-08,INTERIM,Gaming Realms PLC,https://quartr.com/companies/gaming-realms-plc_19612?utm_source=api&utm_medium=25
FCH,2026-09-08,INTERIM,Funding Circle Holdings PLC,https://quartr.com/companies/funding-circle-holdings-plc_15257?utm_source=api&utm_medium=25
GYM,2026-09-09,INTERIM,The Gym Group PLC,https://quartr.com/companies/the-gym-group-plc_14307?utm_source=api&utm_medium=25
AET,2026-09-09,INTERIM,Afentra PLC,https://quartr.com/companies/afentra-plc_15652?utm_source=api&utm_medium=25
BBSN,2026-09-09,INTERIM,Brave Bison Group PLC,https://quartr.com/companies/brave-bison-group-plc_20455?utm_source=api&utm_medium=25
SOHO,2026-09-09,INTERIM,Social Housing REIT PLC,https://quartr.com/companies/social-housing-reit_20315?utm_source=api&utm_medium=25
TPFG,2026-09-09,INTERIM,The Property Franchise Group PLC,https://quartr.com/companies/the-property-franchise-group-plc_18032?utm_source=api&utm_medium=25
W7L,2026-09-10,INTERIM,Warpaint London PLC,https://quartr.com/companies/warpaint-london-plc_15329?utm_source=api&utm_medium=25
PTEC,2026-09-10,INTERIM,Playtech PLC,https://quartr.com/companies/playtech-plc_11665?utm_source=api&utm_medium=25
LORD,2026-09-10,INTERIM,Lords Group Trading PLC,https://quartr.com/companies/lords-group-trading-plc_16893?utm_source=api&utm_medium=25
IQE,2026-09-11,INTERIM,IQE PLC,https://quartr.com/companies/iqe-plc_12530?utm_source=api&utm_medium=25
THG,2026-09-11,INTERIM,THG PLC,https://quartr.com/companies/thg-plc_6370?utm_source=api&utm_medium=25
HVO,2026-09-11,INTERIM,hVIVO PLC,https://quartr.com/companies/hvivo-plc_13299?utm_source=api&utm_medium=25
BKG,2026-09-11,TRADING_STMT,Berkeley Group Holdings PLC,https://quartr.com/companies/the-berkeley-group-holdings-plc_12428?utm_source=api&utm_medium=25
SPSY,2026-09-11,INTERIM,Spectra Systems Corp.,https://quartr.com/companies/spectra-systems-corporation_16514?utm_source=api&utm_medium=25
ACG,2026-09-15,INTERIM,ACG Metals Ltd.,https://quartr.com/companies/acg-metals-limited_14280?utm_source=api&utm_medium=25
TRST,2026-09-15,INTERIM,Trustpilot Group PLC,https://quartr.com/companies/trustpilot-group-plc_5329?utm_source=api&utm_medium=25
JTC,2026-09-15,INTERIM,JTC PLC,https://quartr.com/companies/jtc-plc_14208?utm_source=api&utm_medium=25
FNTL,2026-09-16,INTERIM,Fintel PLC,https://quartr.com/companies/fintel-plc_11961?utm_source=api&utm_medium=25
IOF,2026-09-17,INTERIM,Iofina PLC,https://quartr.com/companies/iofina-plc_15134?utm_source=api&utm_medium=25
LSL,2026-09-17,INTERIM,LSL Property Services PLC,https://quartr.com/companies/lsl-property-services-plc_14272?utm_source=api&utm_medium=25
GFRD,2026-09-17,PRELIM,Galliford Try Holdings PLC,https://quartr.com/companies/galliford-try-holdings-plc_14234?utm_source=api&utm_medium=25
SFOR,2026-09-17,INTERIM,S4 Capital PLC,https://quartr.com/companies/s4-capital-plc_5818?utm_source=api&utm_medium=25
BHMG,2026-09-17,INTERIM,BH Macro Ltd.,https://quartr.com/companies/bh-macro-limited_15073?utm_source=api&utm_medium=25
SAA,2026-09-17,INTERIM,M&C Saatchi PLC,https://quartr.com/companies/mc-saatchi-plc_15272?utm_source=api&utm_medium=25
CNE,2026-09-17,INTERIM,Capricorn Energy PLC,https://quartr.com/companies/capricorn-energy-plc_12596?utm_source=api&utm_medium=25
FSFL,2026-09-17,INTERIM,Foresight Solar Fund Ltd.,https://quartr.com/companies/foresight-solar-fund-limited_15083?utm_source=api&utm_medium=25
WATR,2026-09-18,INTERIM,Water Intelligence PLC,https://quartr.com/companies/water-intelligence-plc_6204?utm_source=api&utm_medium=25
POLB,2026-09-18,INTERIM,Poolbeg Pharma PLC,https://quartr.com/companies/poolbeg-pharma-plc_19896?utm_source=api&utm_medium=25
BIG,2026-09-18,INTERIM,Big Technologies PLC,https://quartr.com/companies/big-technologies-plc_15244?utm_source=api&utm_medium=25
JSE,2026-09-18,INTERIM,Jadestone Energy PLC,https://quartr.com/companies/jadestone-energy-plc_15113?utm_source=api&utm_medium=25
FNX,2026-09-21,PRELIM,Fonix Plc,https://quartr.com/companies/fonix-plc_19686?utm_source=api&utm_medium=25
PXEN,2026-09-21,INTERIM,Prospex Energy PLC,https://quartr.com/companies/prospex-energy-plc_21438?utm_source=api&utm_medium=25
BOOT,2026-09-22,INTERIM,Henry Boot PLC,https://quartr.com/companies/henry-boot-plc_14183?utm_source=api&utm_medium=25
KGF,2026-09-22,INTERIM,Kingfisher PLC,https://quartr.com/companies/kingfisher-plc_5569?utm_source=api&utm_medium=25
NFG,2026-09-22,INTERIM,Next 15 Group PLC,https://quartr.com/companies/next-15-group-plc_16326?utm_source=api&utm_medium=25
KIST,2026-09-22,INTERIM,Kistos Holdings PLC,https://quartr.com/companies/kistos-holdings-plc_13418?utm_source=api&utm_medium=25
LUCE,2026-09-22,INTERIM,Luceco PLC,https://quartr.com/companies/luceco-plc_17907?utm_source=api&utm_medium=25
KETL,2026-09-22,INTERIM,Strix Group PLC,https://quartr.com/companies/strix-group-plc_15466?utm_source=api&utm_medium=25
OXB,2026-09-22,INTERIM,Oxford BioMedica PLC,https://quartr.com/companies/oxford-biomedica-plc_14137?utm_source=api&utm_medium=25
RPI,2026-09-22,INTERIM,Raspberry Pi Holdings PLC,https://quartr.com/companies/raspberry-pi-holdings-plc_17021?utm_source=api&utm_medium=25
WPC,2026-09-23,INTERIM,Witan Pacific Investment Trust PLC,https://quartr.com/companies/baillie-gifford-china-growth-trust-plc_15637?utm_source=api&utm_medium=25
JD,2026-09-23,INTERIM,JD Sports Fashion PLC,https://quartr.com/companies/jd-sports-fashion-plc_12439?utm_source=api&utm_medium=25
AEET,2026-09-23,INTERIM,Aquila Energy Efficiency Trust PLC,https://quartr.com/companies/aquila-energy-efficiency-trust-plc_16432?utm_source=api&utm_medium=25
DXRX,2026-09-23,INTERIM,Diaceutics PLC,https://quartr.com/companies/diaceutics-plc_16329?utm_source=api&utm_medium=25
PINE,2026-09-23,INTERIM,Pinewood Technologies Group PLC,https://quartr.com/companies/pinewood-technologies-group-plc_14159?utm_source=api&utm_medium=25
ENQ,2026-09-23,INTERIM,EnQuest PLC,https://quartr.com/companies/enquest-plc_14239?utm_source=api&utm_medium=25
GRID,2026-09-23,INTERIM,Gresham House Energy Storage Fund PLC,https://quartr.com/companies/gresham-house-energy-storage-fund-plc_15090?utm_source=api&utm_medium=25
AFP,2026-09-23,INTERIM,African Pioneer PLC,https://quartr.com/companies/african-pioneer-plc_14282?utm_source=api&utm_medium=25
KEYS,2026-09-23,INTERIM,Keystone Law Group PLC,https://quartr.com/companies/keystone-law-group-plc_14748?utm_source=api&utm_medium=25
EMAN,2026-09-24,INTERIM,Everyman Media Group PLC,https://quartr.com/companies/everyman-media-group_20703?utm_source=api&utm_medium=25
CHAR,2026-09-24,INTERIM,Chariot Ltd.,https://quartr.com/companies/chariot-limited_15974?utm_source=api&utm_medium=25
HLMA,2026-09-24,TRADING_STMT,Halma PLC,https://quartr.com/companies/halma-plc_11991?utm_source=api&utm_medium=25
ANCR,2026-09-24,INTERIM,Animalcare Group PLC,https://quartr.com/companies/animalcare-group-plc_20382?utm_source=api&utm_medium=25
CVSG,2026-09-24,PRELIM,CVS Group PLC,https://quartr.com/companies/cvs-group-plc_15955?utm_source=api&utm_medium=25
PSDL,2026-09-24,INTERIM,Phoenix Spree Deutschland Ltd.,https://quartr.com/companies/phoenix-spree-deutschland-limited_20666?utm_source=api&utm_medium=25
SAAS,2026-09-24,INTERIM,Microlise Group PLC,https://quartr.com/companies/microlise-group-plc_19854?utm_source=api&utm_medium=25
AC8,2026-09-24,INTERIM,Acceler8 Ventures Plc,https://quartr.com/companies/acceler8-ventures-plc_14279?utm_source=api&utm_medium=25
SEE,2026-09-24,PRELIM,Seeing Machines Ltd.,https://quartr.com/companies/seeing-machines-limited_13501?utm_source=api&utm_medium=25
STVG,2026-09-24,INTERIM,STV Group PLC,https://quartr.com/companies/stv-group-plc_14323?utm_source=api&utm_medium=25
BOKU,2026-09-25,INTERIM,Boku Inc.,https://quartr.com/companies/boku-inc_16474?utm_source=api&utm_medium=25
DGI9,2026-09-25,INTERIM,Digital 9 Infrastructure PLC,https://quartr.com/companies/digital-9-infrastructure-plc_15076?utm_source=api&utm_medium=25
AREC,2026-09-25,INTERIM,Arecor Therapeutics PLC,https://quartr.com/companies/arecor-therapeutics-plc_19769?utm_source=api&utm_medium=25
ASLI,2026-09-25,INTERIM,Abrdn European Logistics Income PLC,https://quartr.com/companies/abrdn-european-logistics-income-plc_14276?utm_source=api&utm_medium=25
IMM,2026-09-25,INTERIM,ImmuPharma PLC,https://quartr.com/companies/immupharma-plc_19978?utm_source=api&utm_medium=25
EKF,2026-09-25,INTERIM,EKF Diagnostics Holdings PLC,https://quartr.com/companies/ekf-diagnostics-holdings-plc_14747?utm_source=api&utm_medium=25
SEA,2026-09-25,INTERIM,Seascape Energy Asia PLC,https://quartr.com/companies/seascape-energy-asia-plc_16487?utm_source=api&utm_medium=25
MEX,2026-09-25,INTERIM,Tortilla Mexican Grill PLC,https://quartr.com/companies/tortilla-mexican-grill-plc_14453?utm_source=api&utm_medium=25
PINT,2026-09-25,INTERIM,Pantheon Infrastructure PLC,https://quartr.com/companies/pantheon-infrastructure-plc_14142?utm_source=api&utm_medium=25
OBI,2026-09-25,INTERIM,Ondine Biomedical Inc.,https://quartr.com/companies/ondine-biomedical-inc_16121?utm_source=api&utm_medium=25
THAL,2026-09-25,INTERIM,Thalassa Holdings Ltd.,https://quartr.com/companies/thalassa-holdings-limited_14308?utm_source=api&utm_medium=25
CWR,2026-09-25,INTERIM,Ceres Power Holdings PLC,https://quartr.com/companies/ceres-power-holdings-plc_12031?utm_source=api&utm_medium=25
SCGL,2026-09-25,INTERIM,Sealand Capital Galaxy Ltd.,https://quartr.com/companies/sealand-capital-galaxy-limited_14341?utm_source=api&utm_medium=25
COIL,2026-09-29,INTERIM,Coiled Therapeutics PLC,https://quartr.com/companies/coiled-therapeutics-plc_20448?utm_source=api&utm_medium=25
VLG,2026-09-29,EARNINGS,Venture Life Group PLC,https://quartr.com/companies/venture-life-group-plc_20061?utm_source=api&utm_medium=25
SUS,2026-09-29,INTERIM,S & U PLC,https://quartr.com/companies/su-plc_13899?utm_source=api&utm_medium=25
BOW,2026-09-29,INTERIM,Bow Street Group PLC,https://quartr.com/companies/bow-street-group-plc_20532?utm_source=api&utm_medium=25
FUM,2026-09-29,INTERIM,Futura Medical PLC,https://quartr.com/companies/futura-medical-plc_20404?utm_source=api&utm_medium=25
CARD,2026-09-29,INTERIM,Card Factory PLC,https://quartr.com/companies/card-factory-plc_11989?utm_source=api&utm_medium=25
BAG,2026-09-30,INTERIM,A.G. Barr PLC,https://quartr.com/companies/ag-barr-plc_14277?utm_source=api&utm_medium=25
SAGA,2026-09-30,INTERIM,Saga PLC,https://quartr.com/companies/saga-plc_14342?utm_source=api&utm_medium=25
LIT,2026-09-30,PRELIM,Litigation Capital Management Ltd.,https://quartr.com/companies/litigation-capital-management-limited_11982?utm_source=api&utm_medium=25
TPT,2026-10-01,TRADING_STMT,Topps Tiles PLC,https://quartr.com/companies/topps-tiles-plc_14301?utm_source=api&utm_medium=25
JHD,2026-10-01,PRELIM,James Halstead PLC,https://quartr.com/companies/james-halstead-plc_14740?utm_source=api&utm_medium=25
IHC,2026-10-02,INTERIM,Inspiration Healthcare Group PLC,https://quartr.com/companies/inspiration-healthcare-group-plc_20056?utm_source=api&utm_medium=25
JDW,2026-10-02,PRELIM,J D Wetherspoon PLC,https://quartr.com/companies/j-d-wetherspoon-plc_14206?utm_source=api&utm_medium=25
MNTN,2026-10-05,INTERIM,The Schiehallion Fund Ltd.,https://quartr.com/companies/the-schiehallion-fund-limited_15116?utm_source=api&utm_medium=25
ICGT,2026-10-06,QUARTERLY,ICG Enterprise Trust PLC,https://quartr.com/companies/icg-enterprise-trust-plc_15103?utm_source=api&utm_medium=25
UTG,2026-10-08,TRADING_STMT,Unite Group PLC,https://quartr.com/companies/unite-group-plc_13506?utm_source=api&utm_medium=25
TSCO,2026-10-08,QUARTERLY,Tesco PLC,https://quartr.com/companies/tesco-plc_11041?utm_source=api&utm_medium=25
RENX,2026-10-08,PRELIM,Renalytix PLC,https://quartr.com/companies/renalytix-plc_10519?utm_source=api&utm_medium=25
VTU,2026-10-08,INTERIM,Vertu Motors PLC,https://quartr.com/companies/vertu-motors-plc_11432?utm_source=api&utm_medium=25
HAS,2026-10-09,TRADING_STMT,Hays PLC,https://quartr.com/companies/hays-plc_13353?utm_source=api&utm_medium=25
VOX,2026-10-12,PRELIM,Vox Valor Capital Ltd.,https://quartr.com/companies/vox-valor-capital-limited_14294?utm_source=api&utm_medium=25
OXIG,2026-10-13,TRADING_STMT,Oxford Instruments PLC,https://quartr.com/companies/oxford-instruments-plc_14138?utm_source=api&utm_medium=25
IHP,2026-10-13,TRADING_STMT,Integrafin Holdings PLC,https://quartr.com/companies/integrafin-holdings-plc_14203?utm_source=api&utm_medium=25
YOU,2026-10-13,PRELIM,YouGov PLC,https://quartr.com/companies/yougov-plc_14751?utm_source=api&utm_medium=25
MNDI,2026-10-15,TRADING_STMT,Mondi PLC,https://quartr.com/companies/mondi-plc_5166?utm_source=api&utm_medium=25
DNLM,2026-10-15,TRADING_STMT,Dunelm Group PLC,https://quartr.com/companies/dunelm-group-plc_5037?utm_source=api&utm_medium=25
WTB,2026-10-15,INTERIM,Whitbread PLC,https://quartr.com/companies/whitbread-plc_12459?utm_source=api&utm_medium=25
APN,2026-10-16,PRELIM,Applied Nutrition PLC,https://quartr.com/companies/applied-nutrition-plc_18698?utm_source=api&utm_medium=25
TOWN,2026-10-16,PRELIM,Town Centre Securities PLC,https://quartr.com/companies/town-centre-securities-plc_20672?utm_source=api&utm_medium=25
RKT,2026-10-21,TRADING_STMT,Reckitt Benckiser Group PLC,https://quartr.com/companies/reckitt-benckiser-group-plc_3533?utm_source=api&utm_medium=25
LIO,2026-10-21,TRADING_STMT,Liontrust Asset Management PLC,https://quartr.com/companies/liontrust-asset-management-plc_14231?utm_source=api&utm_medium=25
QLT,2026-10-21,TRADING_STMT,Quilter PLC,https://quartr.com/companies/quilter-plc_14175?utm_source=api&utm_medium=25
ABDN,2026-10-21,TRADING_STMT,Aberdeen Group PLC,https://quartr.com/companies/aberdeen-group-plc_12127?utm_source=api&utm_medium=25
PBEE,2026-10-21,TRADING_STMT,PensionBee Group PLC,https://quartr.com/companies/pensionbee-group-plc_15604?utm_source=api&utm_medium=25
SRT,2026-10-21,PRELIM,SRT Marine Systems PLC,https://quartr.com/companies/srt-marine-systems-plc_19869?utm_source=api&utm_medium=25
SCT,2026-10-21,PRELIM,Softcat PLC,https://quartr.com/companies/softcat-plc_13557?utm_source=api&utm_medium=25
RSW,2026-10-22,TRADING_STMT,Renishaw PLC,https://quartr.com/companies/renishaw-plc_12045?utm_source=api&utm_medium=25
AJB,2026-10-22,TRADING_STMT,AJ Bell PLC,https://quartr.com/companies/aj-bell-plc_11987?utm_source=api&utm_medium=25
INCH,2026-10-22,TRADING_STMT,Inchcape PLC,https://quartr.com/companies/inchcape-plc_13301?utm_source=api&utm_medium=25
FOXT,2026-10-22,TRADING_STMT,Foxtons Group PLC,https://quartr.com/companies/foxtons-group-plc_12591?utm_source=api&utm_medium=25
SDR,2026-10-22,QUARTERLY,Schroders PLC,https://quartr.com/companies/schroders-plc_12451?utm_source=api&utm_medium=25
BARC,2026-10-22,QUARTERLY,Barclays PLC,https://quartr.com/companies/barclays-plc_10241?utm_source=api&utm_medium=25
LSEG,2026-10-22,TRADING_STMT,London Stock Exchange Group PLC,https://quartr.com/companies/london-stock-exchange-group-plc_11352?utm_source=api&utm_medium=25
SBRY,2026-10-22,INTERIM,J Sainsbury PLC,https://quartr.com/companies/j-sainsbury-plc_12450?utm_source=api&utm_medium=25
IHG,2026-10-22,TRADING_STMT,InterContinental Hotels Group PLC,https://quartr.com/companies/intercontinental-hotels-group-plc_6031?utm_source=api&utm_medium=25
REL,2026-10-22,TRADING_STMT,RELX PLC,https://quartr.com/companies/relx-plc_11354?utm_source=api&utm_medium=25
RTO,2026-10-22,TRADING_STMT,Rentokil Initial PLC,https://quartr.com/companies/rentokil-initial-plc_12446?utm_source=api&utm_medium=25
IPF,2026-10-22,TRADING_STMT,International Personal Finance PLC,https://quartr.com/companies/international-personal-finance-plc_19691?utm_source=api&utm_medium=25
BMY,2026-10-22,INTERIM,Bloomsbury Publishing PLC,https://quartr.com/companies/bloomsbury-publishing-plc_14190?utm_source=api&utm_medium=25
SAR,2026-10-22,PRELIM,Sareum Holdings PLC,https://quartr.com/companies/sareum-holdings-plc_20041?utm_source=api&utm_medium=25
HSBA,2026-10-27,QUARTERLY,HSBC Holdings PLC,https://quartr.com/companies/hsbc-holdings-plc_3821?utm_source=api&utm_medium=25
ULTP,2026-10-27,PRELIM,Ultimate Products PLC,https://quartr.com/companies/ultimate-products-plc_14296?utm_source=api&utm_medium=25
LUCE,2026-10-27,TRADING_STMT,Luceco PLC,https://quartr.com/companies/luceco-plc_17907?utm_source=api&utm_medium=25
CCR,2026-10-27,INTERIM,C and C Group PLC,https://quartr.com/companies/cc-group-plc_14200?utm_source=api&utm_medium=25
ULVR,2026-10-28,TRADING_STMT,Unilever PLC,https://quartr.com/companies/unilever-plc_5669?utm_source=api&utm_medium=25
BVXP,2026-10-28,PRELIM,Bioventix PLC,https://quartr.com/companies/bioventix-plc_12472?utm_source=api&utm_medium=25
ECOR,2026-10-28,TRADING_STMT,Ecora Royalties PLC,https://quartr.com/companies/ecora-royalties-plc_14237?utm_source=api&utm_medium=25
GSK,2026-10-28,QUARTERLY,GSK PLC,https://quartr.com/companies/gsk-plc_5175?utm_source=api&utm_medium=25
STAN,2026-10-28,QUARTERLY,Standard Chartered PLC,https://quartr.com/companies/standard-chartered-plc_11963?utm_source=api&utm_medium=25
ELM,2026-10-28,TRADING_STMT,Elementis PLC,https://quartr.com/companies/elementis-plc_14238?utm_source=api&utm_medium=25
HVPE,2026-10-28,INTERIM,HarbourVest Global Private Equity Ltd.,https://quartr.com/companies/harbourvest-global-private-equity-ltd_15098?utm_source=api&utm_medium=25
OCI,2026-10-28,TRADING_STMT,Oakley Capital Investments Ltd.,https://quartr.com/companies/oakley-capital-investments-ltd_15106?utm_source=api&utm_medium=25
ASAI,2026-10-29,TRADING_STMT,ASA International Group PLC,https://quartr.com/companies/asa-international-group-plc_14289?utm_source=api&utm_medium=25
IMI,2026-10-29,TRADING_STMT,IMI PLC,https://quartr.com/companies/imi-plc_12461?utm_source=api&utm_medium=25
STJ,2026-10-29,QUARTERLY,St. James's Place PLC,https://quartr.com/companies/st-jamess-place-plc_12458?utm_source=api&utm_medium=25
SHEL,2026-10-29,QUARTERLY,Shell PLC,https://quartr.com/companies/shell-plc_5695?utm_source=api&utm_medium=25
HLN,2026-10-29,TRADING_STMT,Haleon PLC,https://quartr.com/companies/haleon-plc_12680?utm_source=api&utm_medium=25
NWG,2026-10-30,QUARTERLY,NatWest Group PLC,https://quartr.com/companies/natwest-group-plc_11022?utm_source=api&utm_medium=25
BP,2026-10-30,QUARTERLY,BP PLC,https://quartr.com/companies/bp-plc_4359?utm_source=api&utm_medium=25
TMO,2026-10-30,PRELIM,Time Out Group PLC,https://quartr.com/companies/time-out-group-plc_16010?utm_source=api&utm_medium=25
TM1,2026-10-30,PRELIM,Technology Minerals PLC,https://quartr.com/companies/technology-minerals-plc_14311?utm_source=api&utm_medium=25
WCAT,2026-11-02,PRELIM,Wildcat Gold PLC,https://quartr.com/companies/wildcat-petroleum-plc_14292?utm_source=api&utm_medium=25
IWG,2026-11-03,TRADING_STMT,IWG PLC,https://quartr.com/companies/international-workplace-group-plc_5996?utm_source=api&utm_medium=25
ADVT,2026-11-03,INTERIM,AdvancedAdvT Ltd.,https://quartr.com/companies/advancedadvt-limited_14281?utm_source=api&utm_medium=25
SNWS,2026-11-03,PRELIM,Smiths News PLC,https://quartr.com/companies/smiths-news-plc_14330?utm_source=api&utm_medium=25
TCAP,2026-11-03,TRADING_STMT,TP ICAP Group PLC,https://quartr.com/companies/tp-icap-group-plc_14133?utm_source=api&utm_medium=25
CCH,2026-11-04,TRADING_STMT,Coca-Cola HBC AG,https://quartr.com/companies/coca-cola-hbc-ag_12038?utm_source=api&utm_medium=25
NXT,2026-11-04,TRADING_STMT,Next PLC,https://quartr.com/companies/next-plc_4446?utm_source=api&utm_medium=25
SN,2026-11-04,TRADING_STMT,Smith & Nephew PLC,https://quartr.com/companies/smith-nephew-plc_4208?utm_source=api&utm_medium=25
TRN,2026-11-04,INTERIM,Trainline PLC,https://quartr.com/companies/trainline-plc_12037?utm_source=api&utm_medium=25
MKS,2026-11-04,INTERIM,Marks & Spencer Group PLC,https://quartr.com/companies/marks-spencer-group-plc_11967?utm_source=api&utm_medium=25
LRE,2026-11-04,TRADING_STMT,Lancashire Holdings Ltd.,https://quartr.com/companies/lancashire-holdings-limited_4287?utm_source=api&utm_medium=25
BGEO,2026-11-04,QUARTERLY,Lion Finance Group PLC,https://quartr.com/companies/lion-finance-group-plc_14188?utm_source=api&utm_medium=25
BMS,2026-11-04,INTERIM,Braemar PLC,https://quartr.com/companies/braemar-plc_20148?utm_source=api&utm_medium=25
PRU,2026-11-04,QUARTERLY,Prudential PLC,https://quartr.com/companies/prudential-plc_11532?utm_source=api&utm_medium=25
TATE,2026-11-05,INTERIM,Tate & Lyle PLC,https://quartr.com/companies/tate-lyle-plc_12032?utm_source=api&utm_medium=25
RS1,2026-11-05,INTERIM,RS Group PLC,https://quartr.com/companies/rs-group-plc_12434?utm_source=api&utm_medium=25
OSB,2026-11-05,TRADING_STMT,OSB Group PLC,https://quartr.com/companies/osb-group-plc_13560?utm_source=api&utm_medium=25
DGE,2026-11-05,TRADING_STMT,Diageo PLC,https://quartr.com/companies/diageo-plc_5334?utm_source=api&utm_medium=25
HGT,2026-11-05,QUARTERLY,Hg Capital Trust PLC,https://quartr.com/companies/hgcapital-trust-plc_15100?utm_source=api&utm_medium=25
VTY,2026-11-05,TRADING_STMT,Vistry Group PLC,https://quartr.com/companies/vistry-group-plc_13355?utm_source=api&utm_medium=25
HBR,2026-11-05,TRADING_STMT,Harbour Energy PLC,https://quartr.com/companies/harbour-energy-plc_13503?utm_source=api&utm_medium=25
NG,2026-11-05,INTERIM,National Grid PLC,https://quartr.com/companies/national-grid-plc_4255?utm_source=api&utm_medium=25
MNG,2026-11-05,TRADING_STMT,M&G PLC,https://quartr.com/companies/mg-plc_12441?utm_source=api&utm_medium=25
HWDN,2026-11-05,TRADING_STMT,Howden Joinery Group PLC,https://quartr.com/companies/howden-joinery-group-plc_12469?utm_source=api&utm_medium=25
SMT,2026-11-05,INTERIM,Scottish Mortgage Investment Trust PLC,https://quartr.com/companies/scottish-mortgage-investment-trust-plc_12452?utm_source=api&utm_medium=25
AUTO,2026-11-05,INTERIM,Autotrader Group PLC,https://quartr.com/companies/autotrader-group-plc_3633?utm_source=api&utm_medium=25
BT.A,2026-11-05,INTERIM,BT Group PLC,https://quartr.com/companies/bt-group-plc_12429?utm_source=api&utm_medium=25
HTWS,2026-11-05,TRADING_STMT,Helios Towers PLC,https://quartr.com/companies/helios-towers-plc_14182?utm_source=api&utm_medium=25
IAG,2026-11-06,QUARTERLY,International Airlines Group,https://quartr.com/companies/international-consolidated-airlines-group-sa_11405?utm_source=api&utm_medium=25
TBCG,2026-11-06,QUARTERLY,TBC Bank Group PLC,https://quartr.com/companies/tbc-bank-group-plc_14145?utm_source=api&utm_medium=25
KNOS,2026-11-09,INTERIM,Kainos Group PLC,https://quartr.com/companies/kainos-group-plc_14118?utm_source=api&utm_medium=25
RHIM,2026-11-09,QUARTERLY,RHI-Magnesita N.V.,https://quartr.com/companies/rhi-magnesita-nv_14170?utm_source=api&utm_medium=25
VOD,2026-11-10,QUARTERLY,Vodafone Group PLC,https://quartr.com/companies/vodafone-group-plc_4329?utm_source=api&utm_medium=25
AGT,2026-11-10,PRELIM,AVI Global Trust PLC,https://quartr.com/companies/avi-global-trust-plc_15071?utm_source=api&utm_medium=25
OXIG,2026-11-10,INTERIM,Oxford Instruments PLC,https://quartr.com/companies/oxford-instruments-plc_14138?utm_source=api&utm_medium=25
PCTN,2026-11-11,INTERIM,Picton Property Income Ltd.,https://quartr.com/companies/picton-property-income-limited_20668?utm_source=api&utm_medium=25
SPX,2026-11-11,TRADING_STMT,Spirax Group PLC,https://quartr.com/companies/spirax-group-plc_12457?utm_source=api&utm_medium=25
FSTA,2026-11-11,INTERIM,Fuller Smith & Turner PLC,https://quartr.com/companies/fuller-smith-turner-plc_14249?utm_source=api&utm_medium=25
TW,2026-11-11,TRADING_STMT,Taylor Wimpey PLC,https://quartr.com/companies/taylor-wimpey-plc_10872?utm_source=api&utm_medium=25
VSVS,2026-11-11,TRADING_STMT,Vesuvius PLC,https://quartr.com/companies/vesuvius-plc_14117?utm_source=api&utm_medium=25
ITV,2026-11-11,TRADING_STMT,ITV PLC,https://quartr.com/companies/itv-plc_11971?utm_source=api&utm_medium=25
REVB,2026-11-11,INTERIM,Revolution Beauty Group PLC,https://quartr.com/companies/revolution-beauty-group-plc_17230?utm_source=api&utm_medium=25
ABDP,2026-11-11,PRELIM,AB Dynamics PLC,https://quartr.com/companies/ab-dynamics-plc_14738?utm_source=api&utm_medium=25
AVON,2026-11-11,PRELIM,Avon Technologies PLC,https://quartr.com/companies/avon-technologies-plc_14184?utm_source=api&utm_medium=25
MOTR,2026-11-11,INTERIM,Motorpoint Group PLC,https://quartr.com/companies/motorpoint-group-plc_14270?utm_source=api&utm_medium=25
KLR,2026-11-12,TRADING_STMT,Keller Group PLC,https://quartr.com/companies/keller-group-plc_14210?utm_source=api&utm_medium=25
UU,2026-11-12,QUARTERLY,United Utilities Group PLC,https://quartr.com/companies/united-utilities-group-plc_5543?utm_source=api&utm_medium=25
GFTU,2026-11-12,TRADING_STMT,Grafton Group PLC,https://quartr.com/companies/grafton-group-plc_13597?utm_source=api&utm_medium=25
PFD,2026-11-12,QUARTERLY,Premier Foods PLC,https://quartr.com/companies/premier-foods-plc_14172?utm_source=api&utm_medium=25
PSN,2026-11-12,TRADING_STMT,Persimmon PLC,https://quartr.com/companies/persimmon-plc_11985?utm_source=api&utm_medium=25
KIE,2026-11-12,TRADING_STMT,Kier Group PLC,https://quartr.com/companies/kier-group-plc_14213?utm_source=api&utm_medium=25
ATYM,2026-11-12,QUARTERLY,Atalaya Mining Copper S.A.,https://quartr.com/companies/atalaya-mining-copper-sa_16328?utm_source=api&utm_medium=25
MRK,2026-11-12,INTERIM,Marks Electrical Group PLC,https://quartr.com/companies/marks-electrical-group-plc_19694?utm_source=api&utm_medium=25
BME,2026-11-12,INTERIM,B&M European Value Retail PLC,https://quartr.com/companies/bm-european-value-retail-sa_12133?utm_source=api&utm_medium=25
QQ,2026-11-12,INTERIM,QinetiQ Group PLC,https://quartr.com/companies/qinetiq-group-plc_13592?utm_source=api&utm_medium=25
RGL,2026-11-12,TRADING_STMT,Regional REIT Ltd.,https://quartr.com/companies/regional-reit-limited_20688?utm_source=api&utm_medium=25
LAND,2026-11-13,INTERIM,Land Securities Group PLC,https://quartr.com/companies/land-securities-group-plc_12440?utm_source=api&utm_medium=25
DIA,2026-11-13,INTERIM,Dialight PLC,https://quartr.com/companies/dialight-plc_16581?utm_source=api&utm_medium=25
VLX,2026-11-13,INTERIM,Volex PLC,https://quartr.com/companies/volex-plc_16330?utm_source=api&utm_medium=25
N91,2026-11-16,INTERIM,Ninety One PLC,https://quartr.com/companies/ninety-one-group_16248?utm_source=api&utm_medium=25
TENG,2026-11-16,PRELIM,Ten Lifestyle Group PLC,https://quartr.com/companies/ten-lifestyle-group-plc_16685?utm_source=api&utm_medium=25
DPLM,2026-11-17,QUARTERLY,Diploma PLC,https://quartr.com/companies/diploma-plc_12471?utm_source=api&utm_medium=25
ICG,2026-11-17,INTERIM,ICG PLC,https://quartr.com/companies/icg-plc_12437?utm_source=api&utm_medium=25
FGP,2026-11-17,INTERIM,Firstgroup PLC,https://quartr.com/companies/firstgroup-plc_14245?utm_source=api&utm_medium=25
IMB,2026-11-17,PRELIM,Imperial Brands PLC,https://quartr.com/companies/imperial-brands-plc_5123?utm_source=api&utm_medium=25
BYG,2026-11-17,INTERIM,Big Yellow Group PLC,https://quartr.com/companies/big-yellow-group-plc_13586?utm_source=api&utm_medium=25
HICL,2026-11-18,INTERIM,HICL Infrastructure PLC,https://quartr.com/companies/hicl-infrastructure-plc_15077?utm_source=api&utm_medium=25
ROR,2026-11-18,TRADING_STMT,Rotork PLC,https://quartr.com/companies/rotork-plc_13561?utm_source=api&utm_medium=25
WKP,2026-11-18,INTERIM,Workspace Group PLC,https://quartr.com/companies/workspace-group-plc_14254?utm_source=api&utm_medium=25
SUS,2026-11-18,TRADING_STMT,S & U PLC,https://quartr.com/companies/su-plc_13899?utm_source=api&utm_medium=25
BLND,2026-11-18,INTERIM,British Land Co. PLC,https://quartr.com/companies/british-land-company-plc_13422?utm_source=api&utm_medium=25
EXPN,2026-11-18,QUARTERLY,Experian PLC,https://quartr.com/companies/experian-plc_3532?utm_source=api&utm_medium=25
SSE,2026-11-18,INTERIM,SSE PLC,https://quartr.com/companies/sse-plc_5010?utm_source=api&utm_medium=25
SVT,2026-11-18,INTERIM,Severn Trent PLC,https://quartr.com/companies/severn-trent-plc_13428?utm_source=api&utm_medium=25
CLX,2026-11-18,INTERIM,Calnex Solutions PLC,https://quartr.com/companies/calnex-solutions-plc_14745?utm_source=api&utm_medium=25
MHPC,2026-11-18,QUARTERLY,MHP SE,https://quartr.com/companies/mhp-se_14259?utm_source=api&utm_medium=25
PAY,2026-11-19,INTERIM,PayPoint PLC,https://quartr.com/companies/paypoint-plc_14158?utm_source=api&utm_medium=25
JD,2026-11-19,TRADING_STMT,JD Sports Fashion PLC,https://quartr.com/companies/jd-sports-fashion-plc_12439?utm_source=api&utm_medium=25
GRI,2026-11-19,PRELIM,Grainger PLC,https://quartr.com/companies/grainger-plc_13267?utm_source=api&utm_medium=25
MTVW,2026-11-19,INTERIM,Mountview Estates PLC,https://quartr.com/companies/mountview-estates-plc_20663?utm_source=api&utm_medium=25
HLMA,2026-11-19,QUARTERLY,Halma PLC,https://quartr.com/companies/halma-plc_11991?utm_source=api&utm_medium=25
GPE,2026-11-19,INTERIM,Great Portland Estates PLC,https://quartr.com/companies/great-portland-estates-plc_13492?utm_source=api&utm_medium=25
SGE,2026-11-19,QUARTERLY,The Sage Group PLC,https://quartr.com/companies/the-sage-group-plc_12447?utm_source=api&utm_medium=25
CMCX,2026-11-19,INTERIM,CMC Markets PLC,https://quartr.com/companies/cmc-markets-plc_3528?utm_source=api&utm_medium=25
JMAT,2026-11-19,INTERIM,Johnson Matthey PLC,https://quartr.com/companies/johnson-matthey-plc_13427?utm_source=api&utm_medium=25
XPS,2026-11-19,INTERIM,XPS Pensions Group PLC,https://quartr.com/companies/xps-pensions-group-plc_14105?utm_source=api&utm_medium=25
DOCS,2026-11-19,INTERIM,Dr. Martens PLC,https://quartr.com/companies/dr-martens-plc_11968?utm_source=api&utm_medium=25
LMP,2026-11-19,INTERIM,LondonMetric Property PLC,https://quartr.com/companies/londonmetric-property-plc_13591?utm_source=api&utm_medium=25
3IN,2026-11-19,INTERIM,3i Infrastructure PLC,https://quartr.com/companies/3i-infrastructure-plc_3847?utm_source=api&utm_medium=25
NBS,2026-11-19,INTERIM,Nationwide Building Society Co.,https://quartr.com/companies/nationwide-building-society_14124?utm_source=api&utm_medium=25
BAB,2026-11-20,INTERIM,Babcock International Group PLC,https://quartr.com/companies/babcock-international-group-plc_14186?utm_source=api&utm_medium=25
ASC,2026-11-20,PRELIM,ASOS PLC,https://quartr.com/companies/asos-plc_11011?utm_source=api&utm_medium=25
TRCS,2026-11-20,PRELIM,Tracsis PLC,https://quartr.com/companies/tracsis-plc_16721?utm_source=api&utm_medium=25
TAM,2026-11-23,INTERIM,Tatton Asset Management PLC,https://quartr.com/companies/tatton-asset-management-plc_14749?utm_source=api&utm_medium=25
TRD,2026-11-24,INTERIM,Triad Group PLC,https://quartr.com/companies/triad-group-plc_14288?utm_source=api&utm_medium=25
DEBS,2026-11-24,INTERIM,Debenhams Group PLC,https://quartr.com/companies/boohoo-group-plc_5427?utm_source=api&utm_medium=25
KGF,2026-11-24,TRADING_STMT,Kingfisher PLC,https://quartr.com/companies/kingfisher-plc_5569?utm_source=api&utm_medium=25
CPG,2026-11-24,QUARTERLY,Compass Group PLC,https://quartr.com/companies/compass-group-plc_6499?utm_source=api&utm_medium=25
CWK,2026-11-24,QUARTERLY,Cranswick PLC,https://quartr.com/companies/cranswick-plc_14221?utm_source=api&utm_medium=25
POLR,2026-11-24,INTERIM,Polar Capital Holdings PLC,https://quartr.com/companies/polar-capital-holdings-plc_15747?utm_source=api&utm_medium=25
SFR,2026-11-24,INTERIM,Severfield PLC,https://quartr.com/companies/severfield-plc_14338?utm_source=api&utm_medium=25
ZEG,2026-11-24,INTERIM,Zegona Communications PLC,https://quartr.com/companies/zegona-communications-plc_14291?utm_source=api&utm_medium=25
ITRK,2026-11-24,TRADING_STMT,Intertek Group PLC,https://quartr.com/companies/intertek-group-plc_12438?utm_source=api&utm_medium=25
TEP,2026-11-24,INTERIM,Telecom Plus PLC,https://quartr.com/companies/telecom-plus-plc_14120?utm_source=api&utm_medium=25
AO,2026-11-24,INTERIM,AO World PLC,https://quartr.com/companies/ao-world-plc_5781?utm_source=api&utm_medium=25
CLDN,2026-11-24,INTERIM,Caledonia Investments PLC,https://quartr.com/companies/caledonia-investments-plc_18938?utm_source=api&utm_medium=25
MARS,2026-11-24,PRELIM,Marston's PLC,https://quartr.com/companies/marstons-plc_14228?utm_source=api&utm_medium=25
CORD,2026-11-24,INTERIM,Cordiant Digital Infrastructure Ltd.,https://quartr.com/companies/cordiant-digital-infrastructure-limited_15075?utm_source=api&utm_medium=25
GBG,2026-11-25,TRADING_STMT,GB Group PLC,https://quartr.com/companies/gb-group-plc_14850?utm_source=api&utm_medium=25
HLCL,2026-11-25,INTERIM,Helical PLC,https://quartr.com/companies/helical-plc_14181?utm_source=api&utm_medium=25
RECI,2026-11-26,INTERIM,Real Estate Credit Investments Ltd.,https://quartr.com/companies/real-estate-credit-investments-limited_15099?utm_source=api&utm_medium=25
PCA,2026-11-26,INTERIM,Palace Capital PLC,https://quartr.com/companies/palace-capital-plc_20660?utm_source=api&utm_medium=25
AXS,2026-11-26,INTERIM,Accsys Technologies PLC,https://quartr.com/companies/accsys-technologies-plc_14931?utm_source=api&utm_medium=25
GELN,2026-11-27,PRELIM,Gelion PLC,https://quartr.com/companies/gelion-plc_20444?utm_source=api&utm_medium=25
MAB,2026-11-27,PRELIM,Mitchells & Butlers PLC,https://quartr.com/companies/mitchells-butlers-plc_14260?utm_source=api&utm_medium=25
SEQI,2026-11-27,INTERIM,Sequoia Economic Infra Inc Fd Ltd.,https://quartr.com/companies/sequoia-economic-infrastructure-income-fund-limited_15087?utm_source=api&utm_medium=25
VP,2026-11-27,INTERIM,Vp PLC,https://quartr.com/companies/vp-plc_14113?utm_source=api&utm_medium=25
SDY,2026-11-27,INTERIM,Speedy Hire PLC,https://quartr.com/companies/speedy-hire-plc_14325?utm_source=api&utm_medium=25
CER,2026-11-27,PRELIM,Cerillion PLC,https://quartr.com/companies/cerillion-plc_14922?utm_source=api&utm_medium=25
PEEL,2026-11-30,INTERIM,Peel Hunt Ltd.,https://quartr.com/companies/peel-hunt-limited_16590?utm_source=api&utm_medium=25
CBOX,2026-11-30,INTERIM,Cake Box Holdings PLC,https://quartr.com/companies/cake-box-holdings-plc_11981?utm_source=api&utm_medium=25
TPT,2026-12-01,PRELIM,Topps Tiles PLC,https://quartr.com/companies/topps-tiles-plc_14301?utm_source=api&utm_medium=25
GNC,2026-12-01,QUARTERLY,Greencore Group PLC,https://quartr.com/companies/greencore-group-plc_14255?utm_source=api&utm_medium=25
PNN,2026-12-01,INTERIM,Pennon Group PLC,https://quartr.com/companies/pennon-group-plc_13585?utm_source=api&utm_medium=25
PAG,2026-12-01,QUARTERLY,Paragon Banking Group PLC,https://quartr.com/companies/paragon-banking-group-plc_14144?utm_source=api&utm_medium=25
TET,2026-12-01,PRELIM,Treatt PLC,https://quartr.com/companies/treatt-plc_14132?utm_source=api&utm_medium=25
NRR,2026-12-01,INTERIM,NewRiver REIT PLC,https://quartr.com/companies/newriver-reit-plc_19308?utm_source=api&utm_medium=25
OTB,2026-12-01,PRELIM,On The Beach Group PLC,https://quartr.com/companies/on-the-beach-group-plc_14136?utm_source=api&utm_medium=25
IGR,2026-12-01,INTERIM,IG Design Group PLC,https://quartr.com/companies/ig-design-group_17233?utm_source=api&utm_medium=25
FGEN,2026-12-01,INTERIM,Foresight Environmental Infrastructure Ltd.,https://quartr.com/companies/foresight-environmental-infrastructure-limited_15109?utm_source=api&utm_medium=25
MONY,2026-12-02,TRADING_STMT,Mony Group PLC,https://quartr.com/companies/mony-group-plc_5411?utm_source=api&utm_medium=25
VIC,2026-12-02,PRELIM,Victorian Plumbing Group PLC,https://quartr.com/companies/victorian-plumbing-group-plc_18746?utm_source=api&utm_medium=25
NESF,2026-12-02,INTERIM,NextEnergy Solar Fund Ltd.,https://quartr.com/companies/nextenergy-solar-fund_15086?utm_source=api&utm_medium=25
IPX,2026-12-02,PRELIM,Impax Asset Management Group PLC,https://quartr.com/companies/impax-asset-management-group-plc_4538?utm_source=api&utm_medium=25
AJB,2026-12-03,PRELIM,AJ Bell PLC,https://quartr.com/companies/aj-bell-plc_11987?utm_source=api&utm_medium=25
BBY,2026-12-03,TRADING_STMT,Balfour Beatty PLC,https://quartr.com/companies/balfour-beatty-plc_13480?utm_source=api&utm_medium=25
LTI,2026-12-03,INTERIM,Lindsell Train Investment Trust PLC,https://quartr.com/companies/lindsell-train-investment-trust-plc_15598?utm_source=api&utm_medium=25
BCG,2026-12-03,INTERIM,Baltic Classifieds Group PLC,https://quartr.com/companies/baltic-classifieds-group-plc_11382?utm_source=api&utm_medium=25
SSPG,2026-12-03,PRELIM,SSP Group PLC,https://quartr.com/companies/ssp-group-plc_12593?utm_source=api&utm_medium=25
FUTR,2026-12-03,PRELIM,Future PLC,https://quartr.com/companies/future-plc_13596?utm_source=api&utm_medium=25
CREI,2026-12-04,INTERIM,Custodian REIT PLC,https://quartr.com/companies/custodian-property-income-reit-plc_20648?utm_source=api&utm_medium=25
GDR,2026-12-04,PRELIM,Genedrive PLC,https://quartr.com/companies/genedrive-plc_20707?utm_source=api&utm_medium=25
SERE,2026-12-04,PRELIM,Schroder European REIT PLC,https://quartr.com/companies/schroder-european-real-estate-investment-trust-plc_20669?utm_source=api&utm_medium=25
SEIT,2026-12-07,INTERIM,SDCL Energy Efficiency Income Trust PLC,https://quartr.com/companies/sdcl-efficiency-income-trust-plc_15080?utm_source=api&utm_medium=25
MOON,2026-12-08,QUARTERLY,Moonpig Group PLC,https://quartr.com/companies/moonpig-group-plc_14271?utm_source=api&utm_medium=25
CHG,2026-12-08,PRELIM,Chemring Group PLC,https://quartr.com/companies/chemring-group-plc_14218?utm_source=api&utm_medium=25
IHP,2026-12-09,PRELIM,Integrafin Holdings PLC,https://quartr.com/companies/integrafin-holdings-plc_14203?utm_source=api&utm_medium=25
BKG,2026-12-09,INTERIM,Berkeley Group Holdings PLC,https://quartr.com/companies/the-berkeley-group-holdings-plc_12428?utm_source=api&utm_medium=25
GCP,2026-12-10,PRELIM,GCP Infrastructure Investments Ltd.,https://quartr.com/companies/gcp-infrastructure-investments-limited_15084?utm_source=api&utm_medium=25
NCC,2026-12-10,PRELIM,NCC Group PLC,https://quartr.com/companies/ncc-group-plc_14125?utm_source=api&utm_medium=25
FVA,2026-12-11,PRELIM,Fevara PLC,https://quartr.com/companies/fevara-plc_17909?utm_source=api&utm_medium=25
AMGO,2026-12-14,PRELIM,Amigo Resources PLC,https://quartr.com/companies/amigo-resources-plc_16045?utm_source=api&utm_medium=25
BOWL,2026-12-15,PRELIM,Hollywood Bowl Group PLC,https://quartr.com/companies/hollywood-bowl-group-plc_14194?utm_source=api&utm_medium=25
CURY,2026-12-17,INTERIM,Currys PLC,https://quartr.com/companies/currys-plc_5784?utm_source=api&utm_medium=25
WJG,2026-12-17,PRELIM,Watkin Jones PLC,https://quartr.com/companies/watkin-jones-plc_14320?utm_source=api&utm_medium=25
CHRY,2026-12-18,PRELIM,Chrysalis Investments Ltd.,https://quartr.com/companies/chrysalis-investments-limited_15115?utm_source=api&utm_medium=25
ZEN,2026-12-31,INTERIM,Zenith Energy Ltd.,https://quartr.com/companies/zenith-energy-ltd_14290?utm_source=api&utm_medium=25
SAFE,2027-01-14,PRELIM,Safestore Holdings PLC,https://quartr.com/companies/safestore-holdings-plc_13590?utm_source=api&utm_medium=25
RESI,2027-01-22,PRELIM,Residential Secure Income PLC,https://quartr.com/companies/residential-secure-income-plc_20667?utm_source=api&utm_medium=25
TPT,2026-07-01,TRADING_STMT,Topps Tiles PLC,https://quartr.com/companies/topps-tiles-plc_14301?utm_source=api&utm_medium=25
TUNE,2026-07-01,EARNINGS,Focusrite PLC,https://quartr.com/companies/focusrite-plc_14739?utm_source=api&utm_medium=25
WYN,2026-07-01,INTERIM,Wynnstay Group PLC,https://quartr.com/companies/wynnstay-group-plc_20385?utm_source=api&utm_medium=25
CBOX,2026-07-01,PRELIM,Cake Box Holdings PLC,https://quartr.com/companies/cake-box-holdings-plc_11981?utm_source=api&utm_medium=25
CURY,2026-07-02,PRELIM,Currys PLC,https://quartr.com/companies/currys-plc_5784?utm_source=api&utm_medium=25
LTHM,2026-07-02,PRELIM,James Latham PLC,https://quartr.com/companies/james-latham-plc_17737?utm_source=api&utm_medium=25
POLR,2026-07-02,PRELIM,Polar Capital Holdings PLC,https://quartr.com/companies/polar-capital-holdings-plc_15747?utm_source=api&utm_medium=25
BCG,2026-07-02,PRELIM,Baltic Classifieds Group PLC,https://quartr.com/companies/baltic-classifieds-group-plc_11382?utm_source=api&utm_medium=25
SUP,2026-07-02,PRELIM,Supreme PLC,https://quartr.com/companies/supreme-plc_16894?utm_source=api&utm_medium=25
TIG,2026-07-06,QUARTERLY,Team Internet Group PLC,https://quartr.com/companies/team-internet-group-plc_16327?utm_source=api&utm_medium=25
CRN,2026-07-07,TRADING_STMT,Cairn Homes PLC,https://quartr.com/companies/cairn-homes-plc_14207?utm_source=api&utm_medium=25
DIS,2026-07-07,PRELIM,Distil PLC,https://quartr.com/companies/distil-plc_20704?utm_source=api&utm_medium=25
OPT,2026-07-07,PRELIM,Optima Health PLC,https://quartr.com/companies/optima-health-plc_18241?utm_source=api&utm_medium=25
UTG,2026-07-08,TRADING_STMT,Unite Group PLC,https://quartr.com/companies/unite-group-plc_13506?utm_source=api&utm_medium=25
BIRD,2026-07-08,INTERIM,Blackbird PLC,https://quartr.com/companies/blackbird-plc_16511?utm_source=api&utm_medium=25
SREI,2026-07-08,PRELIM,Schroder REIT Ltd.,https://quartr.com/companies/schroder-real-estate-investment-trust-limited_18941?utm_source=api&utm_medium=25
JET2,2026-07-08,PRELIM,Jet2 PLC,https://quartr.com/companies/jet2-plc_14741?utm_source=api&utm_medium=25
ZIG,2026-07-08,PRELIM,Zigup PLC,https://quartr.com/companies/zigup-plc_13260?utm_source=api&utm_medium=25
VCP,2026-07-08,PRELIM,Victoria PLC,https://quartr.com/companies/victoria-plc_11964?utm_source=api&utm_medium=25
REVB,2026-07-09,PRELIM,Revolution Beauty Group PLC,https://quartr.com/companies/revolution-beauty-group-plc_17230?utm_source=api&utm_medium=25
MUL,2026-07-09,PRELIM,Mulberry Group PLC,https://quartr.com/companies/mulberry-group-plc_20718?utm_source=api&utm_medium=25
MEGP,2026-07-10,INTERIM,Me Group International PLC,https://quartr.com/companies/me-group-international-plc_14258?utm_source=api&utm_medium=25
PCT,2026-07-10,PRELIM,Polar Capital Technology Trust PLC,https://quartr.com/companies/polar-capital-technology-trust-plc_15805?utm_source=api&utm_medium=25
KETL,2026-07-10,PRELIM,Strix Group PLC,https://quartr.com/companies/strix-group-plc_15466?utm_source=api&utm_medium=25
MEX,2026-07-10,PRELIM,Tortilla Mexican Grill PLC,https://quartr.com/companies/tortilla-mexican-grill-plc_14453?utm_source=api&utm_medium=25
OVB,2026-07-10,PRELIM,Ovoca Bio Plc,https://quartr.com/companies/ovoca-bio-plc_17440?utm_source=api&utm_medium=25
FXPO,2026-07-10,PRELIM,Ferrexpo PLC,https://quartr.com/companies/ferrexpo-plc_12538?utm_source=api&utm_medium=25
HAS,2026-07-10,TRADING_STMT,Hays PLC,https://quartr.com/companies/hays-plc_13353?utm_source=api&utm_medium=25
ONT,2026-07-13,TRADING_STMT,Oxford Nanopore Technologies PLC,https://quartr.com/companies/oxford-nanopore-technologies-plc_12188?utm_source=api&utm_medium=25
GFTU,2026-07-13,TRADING_STMT,Grafton Group PLC,https://quartr.com/companies/grafton-group-plc_13597?utm_source=api&utm_medium=25
TGR,2026-07-14,PRELIM,Total Graphite PLC,https://quartr.com/companies/tirupati-graphite-plc_14303?utm_source=api&utm_medium=25
RWA,2026-07-14,TRADING_STMT,Robert Walters PLC,https://quartr.com/companies/robert-walters-plc_14166?utm_source=api&utm_medium=25
CRPR,2026-07-14,PRELIM,James Cropper PLC,https://quartr.com/companies/james-cropper-plc_20708?utm_source=api&utm_medium=25
WOSG,2026-07-14,PRELIM,The Watches of Switzerland Group PLC,https://quartr.com/companies/watches-of-switzerland-group-plc_12033?utm_source=api&utm_medium=25
RM,2026-07-14,INTERIM,RM PLC,https://quartr.com/companies/rm-plc_14326?utm_source=api&utm_medium=25
SOS,2026-07-14,PRELIM,Sosandar PLC,https://quartr.com/companies/sosandar-plc_18940?utm_source=api&utm_medium=25
GFRD,2026-07-15,TRADING_STMT,Galliford Try Holdings PLC,https://quartr.com/companies/galliford-try-holdings-plc_14234?utm_source=api&utm_medium=25
GTLY,2026-07-15,PRELIM,Gateley Holdings PLC,https://quartr.com/companies/gateley-holdings-plc_15438?utm_source=api&utm_medium=25
CHRT,2026-07-15,PRELIM,Cohort PLC,https://quartr.com/companies/cohort-plc_20108?utm_source=api&utm_medium=25
FRAS,2026-07-16,PRELIM,Frasers Group PLC,https://quartr.com/companies/frasers-group-plc_14103?utm_source=api&utm_medium=25
CRST,2026-07-16,INTERIM,Crest Nicholson Holdings PLC,https://quartr.com/companies/crest-nicholson-holdings-plc_13237?utm_source=api&utm_medium=25
MCB,2026-07-16,TRADING_STMT,McBride PLC,https://quartr.com/companies/mcbride-plc_19357?utm_source=api&utm_medium=25
PFD,2026-07-16,TRADING_STMT,Premier Foods PLC,https://quartr.com/companies/premier-foods-plc_14172?utm_source=api&utm_medium=25
DPLM,2026-07-16,TRADING_STMT,Diploma PLC,https://quartr.com/companies/diploma-plc_12471?utm_source=api&utm_medium=25
BRCK,2026-07-16,PRELIM,BRCK Group PLC,https://quartr.com/companies/brck-group-plc_15737?utm_source=api&utm_medium=25
EXPN,2026-07-16,TRADING_STMT,Experian PLC,https://quartr.com/companies/experian-plc_3532?utm_source=api&utm_medium=25
OCDO,2026-07-16,INTERIM,Ocado Group PLC,https://quartr.com/companies/ocado-group-plc_6474?utm_source=api&utm_medium=25
GSF,2026-07-16,PRELIM,Gore Street Energy Storage Fund PLC,https://quartr.com/companies/gore-street-energy-storage-fund_15091?utm_source=api&utm_medium=25
UU,2026-07-17,TRADING_STMT,United Utilities Group PLC,https://quartr.com/companies/united-utilities-group-plc_5543?utm_source=api&utm_medium=25
BPT,2026-07-17,INTERIM,Bridgepoint Group PLC,https://quartr.com/companies/bridgepoint-group-plc_13562?utm_source=api&utm_medium=25
SFT,2026-07-20,PRELIM,Software Circle PLC,https://quartr.com/companies/software-circle-plc_21267?utm_source=api&utm_medium=25
LINV,2026-07-20,PRELIM,LendInvest PLC,https://quartr.com/companies/lendinvest-plc_13900?utm_source=api&utm_medium=25
MONY,2026-07-21,QUARTERLY,Mony Group PLC,https://quartr.com/companies/mony-group-plc_5411?utm_source=api&utm_medium=25
STEM,2026-07-21,INTERIM,SThree PLC,https://quartr.com/companies/sthree-plc_14147?utm_source=api&utm_medium=25
KIE,2026-07-21,TRADING_STMT,Kier Group PLC,https://quartr.com/companies/kier-group-plc_14213?utm_source=api&utm_medium=25
CPG,2026-07-21,TRADING_STMT,Compass Group PLC,https://quartr.com/companies/compass-group-plc_6499?utm_source=api&utm_medium=25
MTO,2026-07-21,TRADING_STMT,Mitie Group PLC,https://quartr.com/companies/mitie-group-plc_14261?utm_source=api&utm_medium=25
LIO,2026-07-22,TRADING_STMT,Liontrust Asset Management PLC,https://quartr.com/companies/liontrust-asset-management-plc_14231?utm_source=api&utm_medium=25
JDW,2026-07-22,TRADING_STMT,J D Wetherspoon PLC,https://quartr.com/companies/j-d-wetherspoon-plc_14206?utm_source=api&utm_medium=25
BREE,2026-07-22,INTERIM,Breedon Group PLC,https://quartr.com/companies/breedon-group-plc_16417?utm_source=api&utm_medium=25
PBEE,2026-07-22,TRADING_STMT,PensionBee Group PLC,https://quartr.com/companies/pensionbee-group-plc_15604?utm_source=api&utm_medium=25
AJB,2026-07-23,TRADING_STMT,AJ Bell PLC,https://quartr.com/companies/aj-bell-plc_11987?utm_source=api&utm_medium=25
WRKS,2026-07-23,PRELIM,Theworks.co.uk PLC,https://quartr.com/companies/theworkscouk-plc_14309?utm_source=api&utm_medium=25
MGNS,2026-07-23,INTERIM,Morgan Sindall PLC,https://quartr.com/companies/morgan-sindall-group-plc_14122?utm_source=api&utm_medium=25
HWDN,2026-07-23,INTERIM,Howden Joinery Group PLC,https://quartr.com/companies/howden-joinery-group-plc_12469?utm_source=api&utm_medium=25
CVSG,2026-07-23,TRADING_STMT,CVS Group PLC,https://quartr.com/companies/cvs-group-plc_15955?utm_source=api&utm_medium=25
REL,2026-07-23,INTERIM,RELX PLC,https://quartr.com/companies/relx-plc_11354?utm_source=api&utm_medium=25
QTX,2026-07-23,INTERIM,Quartix Technologies PLC,https://quartr.com/companies/quartix-technologies-plc_14743?utm_source=api&utm_medium=25
CNA,2026-07-23,INTERIM,Centrica PLC,https://quartr.com/companies/centrica-plc_13500?utm_source=api&utm_medium=25
JUP,2026-07-23,INTERIM,Jupiter Fund Management PLC,https://quartr.com/companies/jupiter-fund-management-plc_14508?utm_source=api&utm_medium=25
RCH,2026-07-23,INTERIM,Reach PLC,https://quartr.com/companies/reach-plc_14177?utm_source=api&utm_medium=25
LWDB,2026-07-24,INTERIM,The Law Debenture Corp. PLC,https://quartr.com/companies/the-law-debenture-corporation-plc_14143?utm_source=api&utm_medium=25
TMIP,2026-07-24,PRELIM,Taylor Maritime Ltd.,https://quartr.com/companies/taylor-maritime-investments-limited_14146?utm_source=api&utm_medium=25
RMV,2026-07-24,INTERIM,Rightmove PLC,https://quartr.com/companies/rightmove-plc_11370?utm_source=api&utm_medium=25
DNA3,2026-07-24,PRELIM,Doric Nimrod Air Three Ltd.,https://quartr.com/companies/doric-nimrod-air-three-limited_15117?utm_source=api&utm_medium=25
ULVR,2026-07-28,QUARTERLY,Unilever PLC,https://quartr.com/companies/unilever-plc_5669?utm_source=api&utm_medium=25
EMR,2026-07-28,TRADING_STMT,Empresaria Group PLC,https://quartr.com/companies/empresaria-group-plc_20701?utm_source=api&utm_medium=25
INCH,2026-07-28,QUARTERLY,Inchcape PLC,https://quartr.com/companies/inchcape-plc_13301?utm_source=api&utm_medium=25
GAW,2026-07-28,PRELIM,Games Workshop Group PLC,https://quartr.com/companies/games-workshop-group-plc_12473?utm_source=api&utm_medium=25
ESNT,2026-07-28,INTERIM,Essentra PLC,https://quartr.com/companies/essentra-plc_14240?utm_source=api&utm_medium=25
AA4,2026-07-28,PRELIM,Amedeo Air Four Plus Ltd.,https://quartr.com/companies/amedeo-air-four-plus-ltd_15093?utm_source=api&utm_medium=25
RST,2026-07-28,INTERIM,Restore PLC,https://quartr.com/companies/restore-plc_17769?utm_source=api&utm_medium=25
CRDA,2026-07-28,INTERIM,Croda International PLC,https://quartr.com/companies/croda-international-plc_12431?utm_source=api&utm_medium=25
FORT,2026-07-28,QUARTERLY,Forterra PLC,https://quartr.com/companies/forterra-plc_14247?utm_source=api&utm_medium=25
SAG,2026-07-28,INTERIM,Science Group PLC,https://quartr.com/companies/science-group-plc_20317?utm_source=api&utm_medium=25
SHC,2026-07-28,INTERIM,Shaftesbury Capital PLC,https://quartr.com/companies/shaftesbury-capital-plc_19951?utm_source=api&utm_medium=25
CAN,2026-07-28,INTERIM,Cann Group Ltd.,https://quartr.com/companies/canal-sa_19619?utm_source=api&utm_medium=25
STJ,2026-07-29,QUARTERLY,St. James's Place PLC,https://quartr.com/companies/st-jamess-place-plc_12458?utm_source=api&utm_medium=25
FDM,2026-07-29,INTERIM,FDM Group (Holdings) PLC,https://quartr.com/companies/fdm-group-holdings-plc_14244?utm_source=api&utm_medium=25
RAT,2026-07-29,INTERIM,Rathbones Group PLC,https://quartr.com/companies/rathbones-group-plc_14176?utm_source=api&utm_medium=25
SGE,2026-07-29,TRADING_STMT,The Sage Group PLC,https://quartr.com/companies/the-sage-group-plc_12447?utm_source=api&utm_medium=25
ABDN,2026-07-29,INTERIM,Aberdeen Group PLC,https://quartr.com/companies/aberdeen-group-plc_12127?utm_source=api&utm_medium=25
PAG,2026-07-29,TRADING_STMT,Paragon Banking Group PLC,https://quartr.com/companies/paragon-banking-group-plc_14144?utm_source=api&utm_medium=25
STAN,2026-07-29,QUARTERLY,Standard Chartered PLC,https://quartr.com/companies/standard-chartered-plc_11963?utm_source=api&utm_medium=25
IPF,2026-07-29,QUARTERLY,International Personal Finance PLC,https://quartr.com/companies/international-personal-finance-plc_19691?utm_source=api&utm_medium=25
WEIR,2026-07-29,INTERIM,Weir Group PLC,https://quartr.com/companies/the-weir-group-plc_12950?utm_source=api&utm_medium=25
AIQ,2026-07-29,INTERIM,AIQ Ltd.,https://quartr.com/companies/aiq-limited_14283?utm_source=api&utm_medium=25
HSW,2026-07-29,INTERIM,Hostelworld Group PLC,https://quartr.com/companies/hostelworld-group-plc_17908?utm_source=api&utm_medium=25
EMG,2026-07-29,INTERIM,Man Group PLC,https://quartr.com/companies/man-group-plc_13546?utm_source=api&utm_medium=25
BOY.L,2026-07-29,INTERIM,Bodycote PLC,https://quartr.com/companies/bodycote-plc_14191?utm_source=api&utm_medium=25
CRE,2026-07-29,INTERIM,Conduit Holdings Ltd.,https://quartr.com/companies/conduit-holdings-limited_14220?utm_source=api&utm_medium=25
LRE,2026-07-29,QUARTERLY,Lancashire Holdings Ltd.,https://quartr.com/companies/lancashire-holdings-limited_4287?utm_source=api&utm_medium=25
IKA,2026-07-29,PRELIM,Ilika PLC,https://quartr.com/companies/ilika-plc_15854?utm_source=api&utm_medium=25
MNDI,2026-07-30,QUARTERLY,Mondi PLC,https://quartr.com/companies/mondi-plc_5166?utm_source=api&utm_medium=25
SGRO,2026-07-30,QUARTERLY,Segro PLC,https://quartr.com/companies/segro-plc_12453?utm_source=api&utm_medium=25
FOXT,2026-07-30,QUARTERLY,Foxtons Group PLC,https://quartr.com/companies/foxtons-group-plc_12591?utm_source=api&utm_medium=25
LLOY,2026-07-30,QUARTERLY,Lloyds Banking Group PLC,https://quartr.com/companies/lloyds-banking-group-plc_16368?utm_source=api&utm_medium=25
AAL,2026-07-30,INTERIM,Anglo American PLC,https://quartr.com/companies/anglo-american-plc_11351?utm_source=api&utm_medium=25
SDR,2026-07-30,INTERIM,Schroders PLC,https://quartr.com/companies/schroders-plc_12451?utm_source=api&utm_medium=25
ASAI,2026-07-30,TRADING_STMT,ASA International Group PLC,https://quartr.com/companies/asa-international-group-plc_14289?utm_source=api&utm_medium=25
SHEL,2026-07-30,QUARTERLY,Shell PLC,https://quartr.com/companies/shell-plc_5695?utm_source=api&utm_medium=25
LSEG,2026-07-30,QUARTERLY,London Stock Exchange Group PLC,https://quartr.com/companies/london-stock-exchange-group-plc_11352?utm_source=api&utm_medium=25
PHP,2026-07-30,INTERIM,Primary Health Properties PLC,https://quartr.com/companies/primary-health-properties-plc_13594?utm_source=api&utm_medium=25
VSVS,2026-07-30,INTERIM,Vesuvius PLC,https://quartr.com/companies/vesuvius-plc_14117?utm_source=api&utm_medium=25
SDI,2026-07-30,PRELIM,SDI Group PLC,https://quartr.com/companies/sdi-group-plc_12035?utm_source=api&utm_medium=25
BA,2026-07-30,INTERIM,BAE Systems PLC,https://quartr.com/companies/bae-systems-plc_11013?utm_source=api&utm_medium=25
MCG,2026-07-30,INTERIM,Mobico Group PLC,https://quartr.com/companies/mobico-group-plc_11970?utm_source=api&utm_medium=25
GDWN,2026-07-30,PRELIM,Goodwin PLC,https://quartr.com/companies/goodwin-plc_14256?utm_source=api&utm_medium=25
ELM,2026-07-30,INTERIM,Elementis PLC,https://quartr.com/companies/elementis-plc_14238?utm_source=api&utm_medium=25
RTO,2026-07-30,QUARTERLY,Rentokil Initial PLC,https://quartr.com/companies/rentokil-initial-plc_12446?utm_source=api&utm_medium=25
HLN,2026-07-30,QUARTERLY,Haleon PLC,https://quartr.com/companies/haleon-plc_12680?utm_source=api&utm_medium=25
VANQ,2026-07-30,INTERIM,Vanquis Banking Group PLC,https://quartr.com/companies/vanquis-banking-group-plc_14173?utm_source=api&utm_medium=25
UKW,2026-07-30,INTERIM,Greencoat UK Wind PLC,https://quartr.com/companies/greencoat-uk-wind-plc_15108?utm_source=api&utm_medium=25
DRX,2026-07-30,INTERIM,Drax Group PLC,https://quartr.com/companies/drax-group-plc_13552?utm_source=api&utm_medium=25
RR,2026-07-30,INTERIM,Rolls-Royce Holdings PLC,https://quartr.com/companies/rolls-royce-holdings-plc_5945?utm_source=api&utm_medium=25
SPI,2026-07-30,INTERIM,Spire Healthcare Group PLC,https://quartr.com/companies/spire-healthcare-group-plc_14149?utm_source=api&utm_medium=25
BATS,2026-07-30,INTERIM,British American Tobacco PLC,https://quartr.com/companies/british-american-tobacco-plc_5568?utm_source=api&utm_medium=25
SBRE,2026-07-30,INTERIM,Sabre Insurance Group PLC,https://quartr.com/companies/sabre-insurance-group-plc_14160?utm_source=api&utm_medium=25
HMSO,2026-07-30,INTERIM,Hammerson PLC,https://quartr.com/companies/hammerson-plc_16311?utm_source=api&utm_medium=25
HTWS,2026-07-30,INTERIM,Helios Towers PLC,https://quartr.com/companies/helios-towers-plc_14182?utm_source=api&utm_medium=25
OCI,2026-07-30,TRADING_STMT,Oakley Capital Investments Ltd.,https://quartr.com/companies/oakley-capital-investments-ltd_15106?utm_source=api&utm_medium=25
IMI,2026-07-31,QUARTERLY,IMI PLC,https://quartr.com/companies/imi-plc_12461?utm_source=api&utm_medium=25
MTRO,2026-07-31,INTERIM,Metro Bank Holdings PLC,https://quartr.com/companies/metro-bank-holdings-plc_12592?utm_source=api&utm_medium=25
ALW,2026-07-31,INTERIM,Alliance Witan PLC,https://quartr.com/companies/alliance-witan-plc_20832?utm_source=api&utm_medium=25
TW,2026-07-31,QUARTERLY,Taylor Wimpey PLC,https://quartr.com/companies/taylor-wimpey-plc_10872?utm_source=api&utm_medium=25
FCIT,2026-07-31,INTERIM,F&C Investment Trust PLC,https://quartr.com/companies/fc-investment-trust-plc_20831?utm_source=api&utm_medium=25
PRO,2026-07-31,PRELIM,ProService Building Services Marketplace PLC,https://quartr.com/companies/proservice-building-services-marketplace-plc_20551?utm_source=api&utm_medium=25
DATA,2026-07-31,INTERIM,GlobalData PLC,https://quartr.com/companies/globaldata-plc_17368?utm_source=api&utm_medium=25
MRO,2026-07-31,INTERIM,Melrose Industries PLC,https://quartr.com/companies/melrose-industries-plc_12442?utm_source=api&utm_medium=25
IAG,2026-07-31,QUARTERLY,International Airlines Group,https://quartr.com/companies/international-consolidated-airlines-group-sa_11405?utm_source=api&utm_medium=25
ITRK,2026-07-31,INTERIM,Intertek Group PLC,https://quartr.com/companies/intertek-group-plc_12438?utm_source=api&utm_medium=25
RHIM,2026-07-31,QUARTERLY,RHI-Magnesita N.V.,https://quartr.com/companies/rhi-magnesita-nv_14170?utm_source=api&utm_medium=25
FXPO,2026-07-31,INTERIM,Ferrexpo PLC,https://quartr.com/companies/ferrexpo-plc_12538?utm_source=api&utm_medium=25
NWG,2026-07-31,QUARTERLY,NatWest Group PLC,https://quartr.com/companies/natwest-group-plc_11022?utm_source=api&utm_medium=25
ITV,2026-07-31,QUARTERLY,ITV PLC,https://quartr.com/companies/itv-plc_11971?utm_source=api&utm_medium=25
WINE,2026-08-03,PRELIM,Naked Wines PLC,https://quartr.com/companies/naked-wines-plc_10321?utm_source=api&utm_medium=25
CKN,2026-08-03,INTERIM,Clarkson PLC,https://quartr.com/companies/clarkson-plc_14106?utm_source=api&utm_medium=25
CTEC,2026-08-04,INTERIM,ConvaTec Group PLC,https://quartr.com/companies/convatec-group-plc_13487?utm_source=api&utm_medium=25
BP,2026-08-04,QUARTERLY,BP PLC,https://quartr.com/companies/bp-plc_4359?utm_source=api&utm_medium=25
PIN,2026-08-04,PRELIM,Pantheon International PLC,https://quartr.com/companies/pantheon-international-plc_15105?utm_source=api&utm_medium=25
HSBA,2026-08-04,QUARTERLY,HSBC Holdings PLC,https://quartr.com/companies/hsbc-holdings-plc_3821?utm_source=api&utm_medium=25
SN,2026-08-04,QUARTERLY,Smith & Nephew PLC,https://quartr.com/companies/smith-nephew-plc_4208?utm_source=api&utm_medium=25
TPK,2026-08-04,INTERIM,Travis Perkins PLC,https://quartr.com/companies/travis-perkins-plc_13434?utm_source=api&utm_medium=25
FRES,2026-08-04,INTERIM,Fresnillo PLC,https://quartr.com/companies/fresnillo-plc_6485?utm_source=api&utm_medium=25
ROR,2026-08-04,INTERIM,Rotork PLC,https://quartr.com/companies/rotork-plc_13561?utm_source=api&utm_medium=25
CPI,2026-08-04,INTERIM,Capita PLC,https://quartr.com/companies/capita-plc_14211?utm_source=api&utm_medium=25
DOM,2026-08-04,INTERIM,Domino's Pizza Group PLC,https://quartr.com/companies/dominos-pizza-group-plc_14235?utm_source=api&utm_medium=25
SHI,2026-08-04,INTERIM,SIG PLC,https://quartr.com/companies/sig-plc_14152?utm_source=api&utm_medium=25
GLEN,2026-08-05,INTERIM,Glencore PLC,https://quartr.com/companies/glencore-plc_4001?utm_source=api&utm_medium=25
NXT,2026-08-05,TRADING_STMT,Next PLC,https://quartr.com/companies/next-plc_4446?utm_source=api&utm_medium=25
LGEN,2026-08-05,INTERIM,Legal & General Group PLC,https://quartr.com/companies/legal-general-group-plc_12036?utm_source=api&utm_medium=25
CCH,2026-08-05,QUARTERLY,Coca-Cola HBC AG,https://quartr.com/companies/coca-cola-hbc-ag_12038?utm_source=api&utm_medium=25
FOUR,2026-08-05,INTERIM,4Imprint Group PLC,https://quartr.com/companies/4imprint-group-plc_14278?utm_source=api&utm_medium=25
MCON,2026-08-05,INTERIM,Mincon Group PLC,https://quartr.com/companies/mincon-group-plc_18145?utm_source=api&utm_medium=25
IBST,2026-08-05,INTERIM,Ibstock PLC,https://quartr.com/companies/ibstock-plc_14202?utm_source=api&utm_medium=25
HSX,2026-08-05,INTERIM,Hiscox Ltd.,https://quartr.com/companies/hiscox-ltd_13545?utm_source=api&utm_medium=25
CGEO,2026-08-05,INTERIM,Georgia Capital PLC,https://quartr.com/companies/georgia-capital-plc_16595?utm_source=api&utm_medium=25
ADM,2026-08-06,INTERIM,Admiral Group PLC,https://quartr.com/companies/admiral-group-plc_12128?utm_source=api&utm_medium=25
BBOX,2026-08-06,INTERIM,Tritax Big Box REIT PLC,https://quartr.com/companies/tritax-big-box-reit-plc_4517?utm_source=api&utm_medium=25
OSB,2026-08-06,QUARTERLY,OSB Group PLC,https://quartr.com/companies/osb-group-plc_13560?utm_source=api&utm_medium=25
DGE,2026-08-06,PRELIM,Diageo PLC,https://quartr.com/companies/diageo-plc_5334?utm_source=api&utm_medium=25
PSN,2026-08-06,QUARTERLY,Persimmon PLC,https://quartr.com/companies/persimmon-plc_11985?utm_source=api&utm_medium=25
QLT,2026-08-06,QUARTERLY,Quilter PLC,https://quartr.com/companies/quilter-plc_14175?utm_source=api&utm_medium=25
HBR,2026-08-06,QUARTERLY,Harbour Energy PLC,https://quartr.com/companies/harbour-energy-plc_13503?utm_source=api&utm_medium=25
TBCG,2026-08-06,QUARTERLY,TBC Bank Group PLC,https://quartr.com/companies/tbc-bank-group-plc_14145?utm_source=api&utm_medium=25
SRP,2026-08-06,INTERIM,Serco Group PLC,https://quartr.com/companies/serco-group-plc_14092?utm_source=api&utm_medium=25
TCAP,2026-08-06,QUARTERLY,TP ICAP Group PLC,https://quartr.com/companies/tp-icap-group-plc_14133?utm_source=api&utm_medium=25
PZC,2026-08-06,PRELIM,PZ Cussons PLC,https://quartr.com/companies/pz-cussons-plc_14174?utm_source=api&utm_medium=25
HIK,2026-08-06,INTERIM,Hikma Pharmaceuticals PLC,https://quartr.com/companies/hikma-pharmaceuticals-plc_12435?utm_source=api&utm_medium=25
WPP,2026-08-06,INTERIM,WPP PLC,https://quartr.com/companies/wpp-plc_4315?utm_source=api&utm_medium=25
MGAM,2026-08-06,INTERIM,Morgan Advanced Materials PLC,https://quartr.com/companies/morgan-advanced-materials-plc_14121?utm_source=api&utm_medium=25
HCM,2026-08-06,INTERIM,Hutchmed (China) Ltd.,https://quartr.com/companies/hutchmed-china-limited_12542?utm_source=api&utm_medium=25
ENRG,2026-08-07,INTERIM,VH Global Energy Infrastructure PLC,https://quartr.com/companies/vh-global-energy-infrastructure-plc_14116?utm_source=api&utm_medium=25
TRIG,2026-08-07,INTERIM,The Renewables Infrastructure Group Ltd.,https://quartr.com/companies/the-renewables-infrastructure-group_15089?utm_source=api&utm_medium=25
ATT,2026-08-10,INTERIM,Allianz Technology Trust PLC,https://quartr.com/companies/allianz-technology-trust-plc_17018?utm_source=api&utm_medium=25
MSLH,2026-08-10,INTERIM,Marshalls PLC,https://quartr.com/companies/marshalls-plc_14226?utm_source=api&utm_medium=25
PLUS,2026-08-10,INTERIM,Plus500 Ltd.,https://quartr.com/companies/plus500-ltd_5220?utm_source=api&utm_medium=25
SPX,2026-08-11,INTERIM,Spirax Group PLC,https://quartr.com/companies/spirax-group-plc_12457?utm_source=api&utm_medium=25
IHG,2026-08-11,QUARTERLY,InterContinental Hotels Group PLC,https://quartr.com/companies/intercontinental-hotels-group-plc_6031?utm_source=api&utm_medium=25
ATYM,2026-08-11,QUARTERLY,Atalaya Mining Copper S.A.,https://quartr.com/companies/atalaya-mining-copper-sa_16328?utm_source=api&utm_medium=25
GEN,2026-08-11,INTERIM,Genuit Group PLC,https://quartr.com/companies/genuit-group-plc_14257?utm_source=api&utm_medium=25
DLN,2026-08-11,INTERIM,Derwent London PLC,https://quartr.com/companies/derwent-london-plc_13490?utm_source=api&utm_medium=25
ENT,2026-08-11,INTERIM,Entain PLC,https://quartr.com/companies/entain-plc_3715?utm_source=api&utm_medium=25
IWG,2026-08-11,QUARTERLY,IWG PLC,https://quartr.com/companies/international-workplace-group-plc_5996?utm_source=api&utm_medium=25
BBY,2026-08-12,INTERIM,Balfour Beatty PLC,https://quartr.com/companies/balfour-beatty-plc_13480?utm_source=api&utm_medium=25
CLI,2026-08-12,INTERIM,CLS Holdings PLC,https://quartr.com/companies/cls-holdings-plc_14219?utm_source=api&utm_medium=25
HILS,2026-08-12,INTERIM,Hill & Smith PLC,https://quartr.com/companies/hill-smith-plc_14185?utm_source=api&utm_medium=25
SVS,2026-08-13,INTERIM,Savills PLC,https://quartr.com/companies/savills-plc_11870?utm_source=api&utm_medium=25
COST,2026-08-13,INTERIM,Costain Group PLC,https://quartr.com/companies/costain-group-plc_12590?utm_source=api&utm_medium=25
ANTO,2026-08-13,INTERIM,Antofagasta PLC,https://quartr.com/companies/antofagasta-plc_12129?utm_source=api&utm_medium=25
PBEE,2026-08-13,INTERIM,PensionBee Group PLC,https://quartr.com/companies/pensionbee-group-plc_15604?utm_source=api&utm_medium=25
ITM,2026-08-13,PRELIM,ITM Power PLC,https://quartr.com/companies/itm-power-plc_11988?utm_source=api&utm_medium=25
RNK,2026-08-13,PRELIM,Rank Group PLC,https://quartr.com/companies/rank-group-plc_13601?utm_source=api&utm_medium=25
STB,2026-08-13,INTERIM,Secure Trust Bank PLC,https://quartr.com/companies/secure-trust-bank-plc_14340?utm_source=api&utm_medium=25
AV,2026-08-14,INTERIM,Aviva PLC,https://quartr.com/companies/aviva-plc_12132?utm_source=api&utm_medium=25
MACF,2026-08-18,INTERIM,Macfarlane Group PLC,https://quartr.com/companies/macfarlane-group-plc_15893?utm_source=api&utm_medium=25
ONT,2026-08-19,INTERIM,Oxford Nanopore Technologies PLC,https://quartr.com/companies/oxford-nanopore-technologies-plc_12188?utm_source=api&utm_medium=25
KMR,2026-08-19,INTERIM,Kenmare Resources PLC,https://quartr.com/companies/kenmare-resources-plc_14212?utm_source=api&utm_medium=25
JD,2026-08-20,TRADING_STMT,JD Sports Fashion PLC,https://quartr.com/companies/jd-sports-fashion-plc_12439?utm_source=api&utm_medium=25
HAS,2026-08-20,PRELIM,Hays PLC,https://quartr.com/companies/hays-plc_13353?utm_source=api&utm_medium=25
PSH,2026-08-20,INTERIM,Pershing Square Holdings Ltd.,https://quartr.com/companies/pershing-square-holdings-ltd_5637?utm_source=api&utm_medium=25
RSE,2026-08-24,INTERIM,Riverstone Energy Ltd.,https://quartr.com/companies/riverstone-energy-limited_15111?utm_source=api&utm_medium=25
GKP,2026-08-25,INTERIM,Gulf Keystone Petroleum Ltd.,https://quartr.com/companies/gulf-keystone-petroleum-limited_14251?utm_source=api&utm_medium=25
AT,2026-08-25,INTERIM,Ashtead Technology Holdings PLC,https://quartr.com/companies/ashtead-technology-holdings-plc_15132?utm_source=api&utm_medium=25
BNZL,2026-08-25,INTERIM,Bunzl PLC,https://quartr.com/companies/bunzl-plc_12430?utm_source=api&utm_medium=25
EMR,2026-08-26,INTERIM,Empresaria Group PLC,https://quartr.com/companies/empresaria-group-plc_20701?utm_source=api&utm_medium=25
SUS,2026-08-26,TRADING_STMT,S & U PLC,https://quartr.com/companies/su-plc_13899?utm_source=api&utm_medium=25
FARN,2026-08-26,INTERIM,Faron Pharmaceuticals Oy,https://quartr.com/companies/faron-pharmaceuticals_10082?utm_source=api&utm_medium=25
HOC,2026-08-26,INTERIM,Hochschild Mining PLC,https://quartr.com/companies/hochschild-mining-plc_14193?utm_source=api&utm_medium=25
PRU,2026-08-26,QUARTERLY,Prudential PLC,https://quartr.com/companies/prudential-plc_11532?utm_source=api&utm_medium=25
FRP,2026-08-27,PRELIM,FRP Advisory Group PLC,https://quartr.com/companies/frp-advisory-group-plc_15999?utm_source=api&utm_medium=25
PPH,2026-08-27,INTERIM,PPHE Hotel Group Ltd.,https://quartr.com/companies/pphe-hotel-group-limited_14171?utm_source=api&utm_medium=25
CSN,2026-08-27,INTERIM,Chesnara PLC,https://quartr.com/companies/chesnara-plc_5666?utm_source=api&utm_medium=25
PEY,2026-08-27,INTERIM,Partners Group Private Equity Ltd.,https://quartr.com/companies/partners-group-private-equity-limited_15110?utm_source=api&utm_medium=25
KOD,2026-08-28,PRELIM,Kodal Minerals PLC,https://quartr.com/companies/kodal-minerals-plc_15129?utm_source=api&utm_medium=25
BEM,2026-08-28,QUARTERLY,Beowulf Mining PLC,https://quartr.com/companies/beowulf-mining-plc_18995?utm_source=api&utm_medium=25
GWI,2026-08-28,INTERIM,Globalworth Real Estate Investments Ltd.,https://quartr.com/companies/globalworth-real-estate-investments-limited_20562?utm_source=api&utm_medium=25
ICGC,2026-08-28,INTERIM,Irish Continental Group PLC,https://quartr.com/companies/irish-continental-group-plc_14205?utm_source=api&utm_medium=25
MBH,2026-09-01,INTERIM,Michelmersh Brick Holdings PLC,https://quartr.com/companies/michelmersh-brick-holdings-plc_13901?utm_source=api&utm_medium=25
MNG,2026-09-02,INTERIM,M&G PLC,https://quartr.com/companies/mg-plc_12441?utm_source=api&utm_medium=25
GFTU,2026-09-03,QUARTERLY,Grafton Group PLC,https://quartr.com/companies/grafton-group-plc_13597?utm_source=api&utm_medium=25
BRK,2026-09-03,PRELIM,Brooks Macdonald Group PLC,https://quartr.com/companies/brooks-macdonald-group-plc_16051?utm_source=api&utm_medium=25
JSG,2026-09-04,INTERIM,Johnson Service Group PLC,https://quartr.com/companies/johnson-service-group-plc_15407?utm_source=api&utm_medium=25
NWT,2026-09-07,PRELIM,Newmark Security PLC,https://quartr.com/companies/newmark-security-plc_16516?utm_source=api&utm_medium=25
ASHM,2026-09-07,PRELIM,Ashmore Group PLC,https://quartr.com/companies/ashmore-group-plc_15265?utm_source=api&utm_medium=25
SDLF,2026-09-07,INTERIM,Standard Life PLC,https://quartr.com/companies/standard-life-plc_12444?utm_source=api&utm_medium=25
PEBB,2026-09-08,INTERIM,The Pebble Group Ltd.,https://quartr.com/companies/the-pebble-group-plc_16732?utm_source=api&utm_medium=25
DNLM,2026-09-08,PRELIM,Dunelm Group PLC,https://quartr.com/companies/dunelm-group-plc_5037?utm_source=api&utm_medium=25
OMU,2026-09-08,INTERIM,Old Mutual Ltd.,https://quartr.com/companies/old-mutual-limited_13240?utm_source=api&utm_medium=25
RGL,2026-09-08,QUARTERLY,Regional REIT Ltd.,https://quartr.com/companies/regional-reit-limited_20688?utm_source=api&utm_medium=25
FSJ,2026-09-08,INTERIM,James Fisher & Sons PLC,https://quartr.com/companies/james-fisher-and-sons-plc_21475?utm_source=api&utm_medium=25
MIDW,2026-09-08,INTERIM,Midwich Group PLC,https://quartr.com/companies/midwich-group-plc_16789?utm_source=api&utm_medium=25
FDEV,2026-09-09,PRELIM,Frontier Developments PLC,https://quartr.com/companies/frontier-developments-plc_13440?utm_source=api&utm_medium=25
CRN,2026-09-09,INTERIM,Cairn Homes PLC,https://quartr.com/companies/cairn-homes-plc_14207?utm_source=api&utm_medium=25
GETB,2026-09-09,INTERIM,GetBusy PLC,https://quartr.com/companies/getbusy-plc_12536?utm_source=api&utm_medium=25
EWG,2026-09-09,INTERIM,W.A.G. Payment Solutions PLC,https://quartr.com/companies/wag-payment-solutions-plc_14112?utm_source=api&utm_medium=25
CAML,2026-09-09,INTERIM,Central Asia Metals PLC,https://quartr.com/companies/central-asia-metals-plc_16054?utm_source=api&utm_medium=25
PAF,2026-09-09,PRELIM,Pan African Resources PLC,https://quartr.com/companies/pan-african-resources-plc_21477?utm_source=api&utm_medium=25
ASAI,2026-09-09,INTERIM,ASA International Group PLC,https://quartr.com/companies/asa-international-group-plc_14289?utm_source=api&utm_medium=25
GNS,2026-09-10,PRELIM,Genus PLC,https://quartr.com/companies/genus-plc_14108?utm_source=api&utm_medium=25
CURY,2026-09-10,TRADING_STMT,Currys PLC,https://quartr.com/companies/currys-plc_5784?utm_source=api&utm_medium=25
ALL,2026-09-10,PRELIM,Atlantic Lithium Ltd.,https://quartr.com/companies/atlantic-lithium-limited_15137?utm_source=api&utm_medium=25
PDL,2026-09-10,PRELIM,Petra Diamonds Ltd.,https://quartr.com/companies/petra-diamonds-limited_20682?utm_source=api&utm_medium=25
OCI,2026-09-10,INTERIM,Oakley Capital Investments Ltd.,https://quartr.com/companies/oakley-capital-investments-ltd_15106?utm_source=api&utm_medium=25
FEVR,2026-09-10,INTERIM,Fevertree Drinks PLC,https://quartr.com/companies/fevertree-drinks-plc_5801?utm_source=api&utm_medium=25
ENOG,2026-09-10,INTERIM,Energean PLC,https://quartr.com/companies/energean-plc_14101?utm_source=api&utm_medium=25
PCIP,2026-09-10,PRELIM,PCI-PAL PLC,https://quartr.com/companies/pci-pal-plc_5368?utm_source=api&utm_medium=25
HGT,2026-09-14,QUARTERLY,Hg Capital Trust PLC,https://quartr.com/companies/hgcapital-trust-plc_15100?utm_source=api&utm_medium=25
CRW,2026-09-14,PRELIM,Craneware PLC,https://quartr.com/companies/craneware-plc_16185?utm_source=api&utm_medium=25
MCB,2026-09-15,PRELIM,McBride PLC,https://quartr.com/companies/mcbride-plc_19357?utm_source=api&utm_medium=25
KIE,2026-09-15,PRELIM,Kier Group PLC,https://quartr.com/companies/kier-group-plc_14213?utm_source=api&utm_medium=25
HWG,2026-09-15,INTERIM,Harworth Group PLC,https://quartr.com/companies/harworth-group-plc_14179?utm_source=api&utm_medium=25
GLE,2026-09-15,PRELIM,M.J. Gleeson PLC,https://quartr.com/companies/mj-gleeson-plc_14742?utm_source=api&utm_medium=25
HEAD,2026-09-15,INTERIM,Headlam Group PLC,https://quartr.com/companies/headlam-group-plc_14180?utm_source=api&utm_medium=25
SOM,2026-09-15,INTERIM,Somero Enterprises Inc.,https://quartr.com/companies/somero-enterprises-inc_15453?utm_source=api&utm_medium=25
KMK,2026-09-16,PRELIM,Kromek Group PLC,https://quartr.com/companies/kromek-group-plc_16321?utm_source=api&utm_medium=25
MOON,2026-09-16,QUARTERLY,Moonpig Group PLC,https://quartr.com/companies/moonpig-group-plc_14271?utm_source=api&utm_medium=25
BTRW,2026-09-16,PRELIM,Barratt Redrow PLC,https://quartr.com/companies/barratt-redrow-plc_12282?utm_source=api&utm_medium=25
SPR,2026-09-16,PRELIM,Springfield Properties PLC,https://quartr.com/companies/springfield-properties-plc_15996?utm_source=api&utm_medium=25
IPO,2026-09-16,INTERIM,IP Group PLC,https://quartr.com/companies/ip-group-plc_15478?utm_source=api&utm_medium=25
AMS,2026-09-16,INTERIM,Advanced Medical Solutions Group PLC,https://quartr.com/companies/advanced-medical-solutions-group-plc_16039?utm_source=api&utm_medium=25
NXT,2026-09-17,INTERIM,Next PLC,https://quartr.com/companies/next-plc_4446?utm_source=api&utm_medium=25
AVCT,2026-09-17,INTERIM,Avacta Group PLC,https://quartr.com/companies/avacta-group-plc_19914?utm_source=api&utm_medium=25
RSW,2026-09-17,PRELIM,Renishaw PLC,https://quartr.com/companies/renishaw-plc_12045?utm_source=api&utm_medium=25
SUPR,2026-09-17,PRELIM,Supermarket Income REIT PLC,https://quartr.com/companies/supermarket-income-reit-plc_20692?utm_source=api&utm_medium=25
JDG,2026-09-17,INTERIM,Judges Scientific PLC,https://quartr.com/companies/judges-scientific-plc_12470?utm_source=api&utm_medium=25
CCP,2026-09-18,PRELIM,Celtic PLC,https://quartr.com/companies/celtic-plc_14631?utm_source=api&utm_medium=25
WIL,2026-09-21,PRELIM,Wilmington PLC,https://quartr.com/companies/wilmington-plc_14111?utm_source=api&utm_medium=25
BPCR,2026-09-21,INTERIM,Biopharma Credit PLC,https://quartr.com/companies/biopharma-credit-plc_14189?utm_source=api&utm_medium=25
SMIN,2026-09-22,PRELIM,Smiths Group PLC,https://quartr.com/companies/smiths-group-plc_12455?utm_source=api&utm_medium=25
STEM,2026-09-22,TRADING_STMT,SThree PLC,https://quartr.com/companies/sthree-plc_14147?utm_source=api&utm_medium=25
TRT,2026-09-22,PRELIM,Transense Technologies PLC,https://quartr.com/companies/transense-technologies-plc_15675?utm_source=api&utm_medium=25
YU,2026-09-23,INTERIM,Yu Group PLC,https://quartr.com/companies/yu-group-plc_20010?utm_source=api&utm_medium=25
RLE,2026-09-23,INTERIM,Real Estate Investors PLC,https://quartr.com/companies/real-estate-investors-plc_20678?utm_source=api&utm_medium=25
TTG,2026-09-23,INTERIM,TT Electronics PLC,https://quartr.com/companies/tt-electronics-plc_14130?utm_source=api&utm_medium=25
ORIT,2026-09-23,INTERIM,Octopus Renewables Infra Trust PLC,https://quartr.com/companies/octopus-renewables-infrastructure-trust-plc_14135?utm_source=api&utm_medium=25
NIOX,2026-09-24,INTERIM,NIOX Group PLC,https://quartr.com/companies/niox-group-plc_15629?utm_source=api&utm_medium=25
VTY,2026-09-24,INTERIM,Vistry Group PLC,https://quartr.com/companies/vistry-group-plc_13355?utm_source=api&utm_medium=25
MTC,2026-09-24,PRELIM,Mothercare PLC,https://quartr.com/companies/mothercare-plc_20706?utm_source=api&utm_medium=25
MHPC,2026-09-24,QUARTERLY,MHP SE,https://quartr.com/companies/mhp-se_14259?utm_source=api&utm_medium=25
DFS,2026-09-24,PRELIM,DFS Furniture Co. PLC,https://quartr.com/companies/dfs-furniture-plc_14229?utm_source=api&utm_medium=25
JNEO,2026-09-25,INTERIM,Journeo PLC,https://quartr.com/companies/journeo-plc_20217?utm_source=api&utm_medium=25
CBG,2026-09-29,PRELIM,Close Brothers Group PLC,https://quartr.com/companies/close-brothers-group-plc_13598?utm_source=api&utm_medium=25
SHIP,2026-10-01,PRELIM,Tufton Assets Ltd.,https://quartr.com/companies/tufton-assets-ltd_15092?utm_source=api&utm_medium=25
AVAP,2026-10-01,PRELIM,Avation PLC,https://quartr.com/companies/avation-plc_19765?utm_source=api&utm_medium=25
NET,2026-10-07,PRELIM,NetCall PLC,https://quartr.com/companies/netcall-plc_15135?utm_source=api&utm_medium=25
FAN,2026-10-08,PRELIM,Volution Group PLC,https://quartr.com/companies/volution-group-plc_13351?utm_source=api&utm_medium=25
TSTL,2026-10-12,PRELIM,Tristel PLC,https://quartr.com/companies/tristel-plc_14750?utm_source=api&utm_medium=25
THRL,2026-10-13,PRELIM,Target Healthcare REIT PLC,https://quartr.com/companies/target-healthcare-reit-plc_20699?utm_source=api&utm_medium=25
BSIF,2026-10-20,PRELIM,Bluefield Solar Income Fund Ltd.,https://quartr.com/companies/bluefield-solar-income-fund-limited_15079?utm_source=api&utm_medium=25
LLOY,2026-10-29,QUARTERLY,Lloyds Banking Group PLC,https://quartr.com/companies/lloyds-banking-group-plc_16368?utm_source=api&utm_medium=25
ABF,2026-11-03,PRELIM,Associated British Foods PLC,https://quartr.com/companies/associated-british-foods-plc_12130?utm_source=api&utm_medium=25
ENSI,2026-11-04,PRELIM,Ensilica PLC,https://quartr.com/companies/ensilica-plc_16507?utm_source=api&utm_medium=25
CPX,2026-11-04,PRELIM,CAP-XX Ltd.,https://quartr.com/companies/cap-xx-limited_16513?utm_source=api&utm_medium=25
MTO,2026-11-19,INTERIM,Mitie Group PLC,https://quartr.com/companies/mitie-group-plc_14261?utm_source=api&utm_medium=25
LTHM,2026-11-26,INTERIM,James Latham PLC,https://quartr.com/companies/james-latham-plc_17737?utm_source=api&utm_medium=25
BEM,2026-11-27,QUARTERLY,Beowulf Mining PLC,https://quartr.com/companies/beowulf-mining-plc_18995?utm_source=api&utm_medium=25
STEM,2026-12-16,TRADING_STMT,SThree PLC,https://quartr.com/companies/sthree-plc_14147?utm_source=api&utm_medium=25
STEM,2027-01-26,PRELIM,SThree PLC,https://quartr.com/companies/sthree-plc_14147?utm_source=api&utm_medium=25
